REPORT_NUM,IYEAR,SIGNIFICAN,CAUSE,latitude,longitude,ONSHORE_ST,TOTAL_COST,PIPE_DIAME,MATERIAL_I,INSTALLATI,SYSTEM_PAR,HubDist,eq_count,eq_max_mag,eq_avg_depth,pipe_type
20220166,2022,NO,INCORRECT OPERATION,27.938536,-82.438057,FL,31401,,CARBON STEEL,1989,ONSHORE PUMP/METER STATION EQUIPMENT AND PIPING,1683168.5771766268,1,3.0,0.4,hazardous_liquid
20120082,2012,YES,EQUIPMENT FAILURE,30.26630836,-95.35229159,TX,901600,,MATERIAL OTHER THAN CARBON STEEL,2002,ONSHORE PUMP/METER STATION EQUIPMENT AND PIPING,565516.9923012196,20,3.3,4.765,hazardous_liquid
20190372,2019,NO,INCORRECT OPERATION,35.941115,-96.746936,OK,1030,,CARBON STEEL,UNKNOWN,ONSHORE PUMP/METER STATION EQUIPMENT AND PIPING,195885.6756590626,1915,5.7,5.30116501305483,hazardous_liquid
20250196,2025,YES,INCORRECT OPERATION,31.967744,-103.738853,TX,22850,,CARBON STEEL,2017,ONSHORE TERMINAL/TANK FARM EQUIPMENT AND PIPING,107863.89427952399,289,3.9,5.003940138408304,hazardous_liquid
20110034,2011,NO,EQUIPMENT FAILURE,28.27222,-98.28751,,2080,,MATERIAL OTHER THAN CARBON STEEL OR PLASTIC,1988,"OFFSHORE PLATFORM, INCLUDING PLATFORM-MOUNTED EQUIPMENT AND PIPING",486884.97652800445,3,3.4,4.299566666666666,gas
20240195,2024,YES,CORROSION FAILURE,29.759136,-95.903791,TX,2694761,10.0,CARBON STEEL,1954,"ONSHORE PIPELINE, INCLUDING VALVE SITES",593916.9224843287,1,2.9,3.12,hazardous_liquid
20230055,2023,NO,EQUIPMENT FAILURE,32.028425,-90.142072,MS,8965,,MATERIAL OTHER THAN CARBON STEEL OR PLASTIC,2007,ONSHORE COMPRESSOR STATION EQUIPMENT AND PIPING,814906.3956411908,1,2.76,11.8,gas
20140113,2014,NO,CORROSION FAILURE,37.462217,-86.225891,KY,48200,20.0,CARBON STEEL,1950,ONSHORE TERMINAL/TANK FARM EQUIPMENT AND PIPING,1128133.2772738938,1915,5.7,5.30116501305483,hazardous_liquid
20210019,2021,NO,INCORRECT OPERATION,29.910874,-94.010014,TX,5012,,CARBON STEEL,2009,ONSHORE TERMINAL/TANK FARM EQUIPMENT AND PIPING,668180.4632880439,20,3.3,4.765,hazardous_liquid
20160054,2016,YES,EQUIPMENT FAILURE,28.17348888,-97.28321944,TX,1845,16.0,CARBON STEEL,2016,"ONSHORE PIPELINE, INCLUDING VALVE SITES",585177.2665301033,2,3.9,5.0,gas
20210271,2021,NO,CORROSION FAILURE,32.005497,-102.04456,TX,18000,8.0,CARBON STEEL,2012,ONSHORE TERMINAL/TANK FARM EQUIPMENT AND PIPING,271324.01045544783,124,4.8,5.362785483870968,hazardous_liquid
20140326,2014,NO,EQUIPMENT FAILURE,29.99447,-93.99172,TX,671,,,,ONSHORE PUMP/METER STATION EQUIPMENT AND PIPING,661760.0362533984,4,4.2,5.4375,hazardous_liquid
20180289,2018,NO,EQUIPMENT FAILURE,34.89906,-97.760908,OK,63600,,CARBON STEEL,2017,"ONSHORE PIPELINE, INCLUDING VALVE SITES",53120.36517264517,3299,5.8,5.651424067899363,hazardous_liquid
20130259,2013,YES,EQUIPMENT FAILURE,42.79375,-94.40176,IA,188903,,MATERIAL OTHER THAN CARBON STEEL,2011,"ONSHORE PIPELINE, INCLUDING VALVE SITES",788532.2061881594,17,4.6,4.616470588235295,hazardous_liquid
20150136,2015,NO,CORROSION FAILURE,37.99367,-86.06631,IN,70910,8.0,CARBON STEEL,1984,"BELOWGROUND STORAGE, INCLUDING ASSOCIATED EQUIPMENT AND PIPING",1155440.0210440864,106,4.4,5.922216981132076,gas
20130001,2012,YES,CORROSION FAILURE,38.50263611,-81.64485833,WV,4376218,20.0,CARBON STEEL,1967,"ONSHORE PIPELINE, INCLUDING VALVE SITES",1545434.9208648244,0,0.0,0.0,gas
20130005,2012,NO,NATURAL FORCE DAMAGE,38.338614,-97.676694,KS,8450,,MATERIAL OTHER THAN CARBON STEEL,2011,ONSHORE PUMP/METER STATION EQUIPMENT AND PIPING,255815.87120480815,3551,5.8,5.492065615319628,hazardous_liquid
20190076,2019,NO,EQUIPMENT FAILURE,38.822044,-90.078911,IL,8376,,CARBON STEEL,UNKNOWN,ONSHORE TERMINAL/TANK FARM EQUIPMENT AND PIPING,863205.5917343963,1915,5.7,5.30116501305483,hazardous_liquid
20240162,2024,NO,INCORRECT OPERATION,33.035685,-96.200798,TX,5730,,CARBON STEEL,2024,ONSHORE TERMINAL/TANK FARM EQUIPMENT AND PIPING,268817.8538581385,1915,5.7,5.30116501305483,hazardous_liquid
20220044,2022,NO,EQUIPMENT FAILURE,30.125833,-93.402222,LA,20050,,CARBON STEEL,UNKNOWN,ONSHORE PUMP/METER STATION EQUIPMENT AND PIPING,685983.9348017267,0,0.0,0.0,hazardous_liquid
20150311,2015,YES,EQUIPMENT FAILURE,28.510104,-99.223506,TX,480266,,CARBON STEEL,2014,ONSHORE TERMINAL/TANK FARM EQUIPMENT AND PIPING,391494.03028380283,289,3.9,5.003940138408304,hazardous_liquid
20250102,2025,NO,CORROSION FAILURE,29.75895,-96.148369,TX,90040,24.0,CARBON STEEL,2017,"ONSHORE PIPELINE, INCLUDING VALVE SITES",585584.0542737521,1,2.9,3.12,hazardous_liquid
20110004,2010,YES,EXCAVATION DAMAGE,47.03408,-103.09389,ND,474239,8.625,CARBON STEEL,1980,"ONSHORE PIPELINE, INCLUDING VALVE SITES",182610.25201791953,1,2.6,7.8,gas
20220070,2022,NO,INCORRECT OPERATION,31.742189,-97.075716,TX,6240,,MATERIAL OTHER THAN CARBON STEEL,2018,ONSHORE PUMP/METER STATION EQUIPMENT AND PIPING,348728.2918910002,46,4.3,4.765,hazardous_liquid
20150444,2015,YES,CORROSION FAILURE,36.605085,-100.446363,OK,10000,4.5,CARBON STEEL,1968,"ONSHORE PIPELINE, INCLUDING VALVE SITES",79216.12254619449,33,4.0,4.0224242424242425,hazardous_liquid
20140355,2014,YES,MATERIAL FAILURE OF PIPE OR WELD,29.25694,-89.96583,LA,1250000,20.0,CARBON STEEL,1990,"ONSHORE PIPELINE, INCLUDING VALVE SITES",992357.0841235365,0,0.0,0.0,hazardous_liquid
20170074,2017,NO,EQUIPMENT FAILURE,32.319531,-96.98241,TX,40350,,MATERIAL OTHER THAN CARBON STEEL,2009,ONSHORE PUMP/METER STATION EQUIPMENT AND PIPING,292334.77374928945,80,4.0,4.941625,hazardous_liquid
20130135,2013,NO,EQUIPMENT FAILURE,43.1407,-93.35381,IA,44421,,MATERIAL OTHER THAN CARBON STEEL,2007,ONSHORE TERMINAL/TANK FARM EQUIPMENT AND PIPING,875021.9113108561,17,4.6,4.616470588235295,hazardous_liquid
20200178,2020,NO,EQUIPMENT FAILURE,31.54891,-101.3646,TX,660,,MATERIAL OTHER THAN CARBON STEEL,2017,ONSHORE PUMP/METER STATION EQUIPMENT AND PIPING,268466.82897192845,10,3.9,5.234640000000001,hazardous_liquid
20190246,2019,YES,EQUIPMENT FAILURE,40.583972,-74.211946,NJ,226587,,CARBON STEEL,1942,"ONSHORE BREAKOUT TANK OR STORAGE VESSEL, INCLUDING ATTACHED APPURTENANCES",2214915.393087014,78,3.9,8.06423076923077,hazardous_liquid
20210290,2021,YES,EXCAVATION DAMAGE,27.754722,-97.535556,TX,453500,6.0,CARBON STEEL,1941,"ONSHORE PIPELINE, INCLUDING VALVE SITES",574148.4140919131,1,3.9,5.0,hazardous_liquid
20160340,2016,NO,EQUIPMENT FAILURE,30.84377614,-95.49514204,TX,7289,,CARBON STEEL,1973,ONSHORE PUMP/METER STATION EQUIPMENT AND PIPING,503072.9804114721,46,4.3,4.765,hazardous_liquid
20160122,2016,NO,EQUIPMENT FAILURE,28.510104,-99.223506,TX,4472,,CARBON STEEL,2015,ONSHORE TERMINAL/TANK FARM EQUIPMENT AND PIPING,391494.03028380283,289,3.9,5.003940138408304,hazardous_liquid
20250274,2025,YES,MATERIAL FAILURE OF PIPE OR WELD,47.921862,-122.169225,WA,10207000,20.0,CARBON STEEL,1973,"ONSHORE PIPELINE, INCLUDING VALVE SITES",21359.7200680962,30,3.58,19.088633333333334,hazardous_liquid
20150473,2015,YES,EXCAVATION DAMAGE,34.263642,-119.042773,CA,2229556,10.0,CARBON STEEL,1941,"ONSHORE PIPELINE, INCLUDING VALVE SITES",1889.3115257271943,314,4.8,9.119977707006369,hazardous_liquid
20140143,2013,YES,MATERIAL FAILURE OF PIPE OR WELD,30.620284,-92.254074,LA,158544,,CARBON STEEL,2013,"ONSHORE PIPELINE, INCLUDING VALVE SITES",725960.8239302692,0,0.0,0.0,gas
20150438,2015,YES,EXCAVATION DAMAGE,36.54928,-97.33609,OK,466625,6.0,CARBON STEEL,1957,"ONSHORE PIPELINE, INCLUDING VALVE SITES",221572.6583852397,2068,5.0,5.341645067698259,hazardous_liquid
20140019,2014,NO,OTHER INCIDENT CAUSE,29.064896,-98.174087,TX,17350,,CARBON STEEL,,ONSHORE REGULATOR/METERING STATION EQUIPMENT AND PIPING,483556.13157799916,31,4.8,5.297312903225807,gas
20160305,2016,NO,INCORRECT OPERATION,34.9175,-81.87417,SC,20000,,CARBON STEEL,1961,ONSHORE TERMINAL/TANK FARM EQUIPMENT AND PIPING,1501000.5384506127,1915,5.7,5.30116501305483,hazardous_liquid
20220204,2022,YES,EQUIPMENT FAILURE,29.157002,-90.174509,LA,145800,,MATERIAL OTHER THAN CARBON STEEL,1998,ONSHORE PUMP/METER STATION EQUIPMENT AND PIPING,984032.8344012768,0,0.0,0.0,hazardous_liquid
20140193,2014,YES,OTHER ACCIDENT CAUSE,30.010811,-94.056361,TX,0,24.0,CARBON STEEL,2000,ONSHORE TERMINAL/TANK FARM EQUIPMENT AND PIPING,656596.9241073647,0,0.0,0.0,hazardous_liquid
20190076,2018,NO,EXCAVATION DAMAGE,41.8105,-81.09456,OH,65725,20.0,CARBON STEEL,1969,"ONSHORE PIPELINE, INCLUDING VALVE SITES",1694714.873495123,1,3.0,5.0,gas
20120225,2012,NO,CORROSION FAILURE,32.0729,-96.4767,TX,1137,,,,ONSHORE TERMINAL/TANK FARM EQUIPMENT AND PIPING,338364.34511069115,1915,5.7,5.30116501305483,hazardous_liquid
20140131,2014,NO,EQUIPMENT FAILURE,32.081667,-103.1811111,NM,44800,,CARBON STEEL,2007,ONSHORE TERMINAL/TANK FARM EQUIPMENT AND PIPING,160608.98319866418,289,3.9,5.003940138408304,hazardous_liquid
20250108,2025,NO,EQUIPMENT FAILURE,32.546323,-103.521132,NM,23680,,CARBON STEEL,UNKNOWN,ONSHORE TERMINAL/TANK FARM EQUIPMENT AND PIPING,148293.4602085601,22,3.1,5.085909090909091,hazardous_liquid
20190047,2019,YES,EXCAVATION DAMAGE,25.666698,-80.318509,FL,262526,18.0,CARBON STEEL,1959,"ONSHORE PIPELINE, INCLUDING VALVE SITES",1996148.1124833913,0,0.0,0.0,gas
20140187,2014,YES,EQUIPMENT FAILURE,32.080668,-103.178983,NM,165031,,CARBON STEEL,1947,ONSHORE TERMINAL/TANK FARM EQUIPMENT AND PIPING,160747.1665855223,289,3.9,5.003940138408304,hazardous_liquid
20230011,2023,NO,EQUIPMENT FAILURE,27.94194,-82.73361,FL,14955,,MATERIAL OTHER THAN CARBON STEEL OR PLASTIC,UNKNOWN,ONSHORE REGULATOR/METERING STATION EQUIPMENT AND PIPING,1657945.9948213717,0,0.0,0.0,gas
20220112,2022,YES,INCORRECT OPERATION,36.655151,-98.359164,OK,172733,,CARBON STEEL,2012,"ONSHORE BREAKOUT TANK OR STORAGE VESSEL, INCLUDING ATTACHED APPURTENANCES",199741.0982788823,2068,5.0,5.341645067698259,hazardous_liquid
20260082,2026,NO,OTHER ACCIDENT CAUSE,41.465724,-81.668782,OH,1315,,CARBON STEEL,2025,ONSHORE TERMINAL/TANK FARM EQUIPMENT AND PIPING,1636022.3341780219,78,3.9,8.06423076923077,hazardous_liquid
20260011,2025,YES,INCORRECT OPERATION,31.94522,-101.91653,TX,121821,,CARBON STEEL,2025,ONSHORE TERMINAL/TANK FARM EQUIPMENT AND PIPING,271293.9046418942,124,4.8,5.362785483870968,hazardous_liquid
20150322,2015,YES,OTHER ACCIDENT CAUSE,39.32604,-87.89748,IL,0,,CARBON STEEL,1937,"ONSHORE BREAKOUT TANK OR STORAGE VESSEL, INCLUDING ATTACHED APPURTENANCES",1056490.8904310022,3,3.3,8.93,hazardous_liquid
20110272,2011,YES,MATERIAL FAILURE OF PIPE OR WELD,38.28588,-95.00712,KS,329750,12.75,CARBON STEEL,1950,"ONSHORE PIPELINE, INCLUDING VALVE SITES",494155.1280095105,2068,5.0,5.341645067698259,hazardous_liquid
20180103,2018,NO,EQUIPMENT FAILURE,38.8467,-79.3763,WV,12151,,CARBON STEEL,UNKNOWN,ONSHORE COMPRESSOR STATION EQUIPMENT AND PIPING,1746476.6761145003,5,2.8,10.234,gas
20190199,2019,YES,EQUIPMENT FAILURE,29.34572,-100.562198,TX,2270,,MATERIAL OTHER THAN CARBON STEEL,2018,ONSHORE PUMP/METER STATION EQUIPMENT AND PIPING,250393.9010312372,124,4.8,5.362785483870968,hazardous_liquid
20160123,2016,YES,EQUIPMENT FAILURE,40.265185,-80.259891,PA,30219,,CARBON STEEL,2013,"ONSHORE PIPELINE, INCLUDING VALVE SITES",1706045.5207768402,78,3.9,8.06423076923077,hazardous_liquid
20170419,2017,NO,EQUIPMENT FAILURE,32.021719,-102.016295,TX,16000,,CARBON STEEL,2017,ONSHORE TERMINAL/TANK FARM EQUIPMENT AND PIPING,274151.71955195366,124,4.8,5.362785483870968,hazardous_liquid
20220102,2022,YES,EQUIPMENT FAILURE,41.899867,-77.914778,PA,317586,,CARBON STEEL,2020,ONSHORE COMPRESSOR STATION EQUIPMENT AND PIPING,1946585.8574439287,4,3.2,6.05,gas
20110011,2010,NO,EQUIPMENT FAILURE,42.1514,-83.163,MI,9514,,CARBON STEEL,1958,ONSHORE TERMINAL/TANK FARM EQUIPMENT AND PIPING,1554505.4969678426,3,3.3,8.93,hazardous_liquid
20110445,2011,YES,INCORRECT OPERATION,25.964238,-97.381096,TX,87130,,CARBON STEEL,2007,"ONSHORE BREAKOUT TANK OR STORAGE VESSEL, INCLUDING ATTACHED APPURTENANCES",677075.5393713468,1,3.9,5.0,hazardous_liquid
20220067,2022,YES,CORROSION FAILURE,31.786444,-103.061385,TX,514153,10.0,CARBON STEEL,2010,"ONSHORE PIPELINE, INCLUDING VALVE SITES",161311.49647655597,282,3.8,4.921461347517731,gas
20210311,2021,YES,EQUIPMENT FAILURE,31.44569,-102.47866,TX,6282,,CARBON STEEL,2011,ONSHORE PUMP/METER STATION EQUIPMENT AND PIPING,197485.00966766628,289,3.9,5.003940138408304,hazardous_liquid
20180302,2018,NO,EQUIPMENT FAILURE,29.3465,-94.9376,TX,750,,CARBON STEEL,2018,"ONSHORE BREAKOUT TANK OR STORAGE VESSEL, INCLUDING ATTACHED APPURTENANCES",674401.0094936362,1,2.9,3.12,hazardous_liquid
20140051,2014,YES,INCORRECT OPERATION,39.7859444,-84.1620056,OH,0,,CARBON STEEL,1939,"ONSHORE BREAKOUT TANK OR STORAGE VESSEL, INCLUDING ATTACHED APPURTENANCES",1372437.5246461707,78,3.9,8.06423076923077,hazardous_liquid
20190101,2019,NO,EXCAVATION DAMAGE,27.69821,-97.97083,TX,47300,8.625,CARBON STEEL,1964,"ONSHORE PIPELINE, INCLUDING VALVE SITES",535765.9841762909,1,3.9,5.0,gas
20120101,2012,YES,EQUIPMENT FAILURE,42.208323,-83.968424,MI,121778,,CARBON STEEL,2003,ONSHORE COMPRESSOR STATION EQUIPMENT AND PIPING,1498746.8172260493,0,0.0,0.0,gas
20180037,2018,YES,CORROSION FAILURE,35.957955,-96.724606,OK,156325,12.0,CARBON STEEL,UNKNOWN,ONSHORE TERMINAL/TANK FARM EQUIPMENT AND PIPING,198633.22998347858,1915,5.7,5.30116501305483,hazardous_liquid
20190356,2019,NO,NATURAL FORCE DAMAGE,32.22476,-104.133393,NM,5670,,CARBON STEEL,2019,"ONSHORE PIPELINE, INCLUDING VALVE SITES",80551.27644070656,289,3.9,5.003940138408304,hazardous_liquid
20250076,2025,YES,EQUIPMENT FAILURE,44.647,-91.0213,WI,33702,,CARBON STEEL,UNKNOWN,"ONSHORE PIPELINE, INCLUDING VALVE SITES",1126024.1283115451,17,4.6,4.616470588235295,hazardous_liquid
20110125,2011,NO,EQUIPMENT FAILURE,35.95885,-96.75655,OK,7500,,,,"ONSHORE BREAKOUT TANK OR STORAGE VESSEL, INCLUDING ATTACHED APPURTENANCES",197197.10239961388,2068,5.0,5.341645067698259,hazardous_liquid
20140084,2014,YES,EQUIPMENT FAILURE,36.6093,-98.51248,OK,15220,,CARBON STEEL,1994,ONSHORE PUMP/METER STATION EQUIPMENT AND PIPING,189594.40414820716,2068,5.0,5.341645067698259,hazardous_liquid
20230193,2023,NO,INCORRECT OPERATION,45.565061,-122.742638,OR,81056,,CARBON STEEL,UNKNOWN,ONSHORE TERMINAL/TANK FARM EQUIPMENT AND PIPING,4215.764669933914,30,3.58,19.088633333333334,hazardous_liquid
20110155,2010,YES,INCORRECT OPERATION,41.184974,-110.410612,WY,4000000,6.58,CARBON STEEL,1968,"ONSHORE PIPELINE, INCLUDING VALVE SITES",14009.226570687184,42,3.51,6.634285714285714,hazardous_liquid
20170178,2017,NO,EQUIPMENT FAILURE,35.40317,-89.52819,TN,21724,,CARBON STEEL,2016,"ONSHORE PIPELINE, INCLUDING VALVE SITES",803248.0550797846,1915,5.7,5.30116501305483,hazardous_liquid
20170146,2017,NO,EQUIPMENT FAILURE,44.77905,-98.45882,SD,7603,,CARBON STEEL,2016,ONSHORE PUMP/METER STATION EQUIPMENT AND PIPING,616263.4746484044,0,0.0,0.0,hazardous_liquid
20220087,2022,YES,CORROSION FAILURE,28.248333,-91.693333,,714517,8.625,CARBON STEEL,1973,"OFFSHORE PIPELINE, INCLUDING RISER AND RISER BEND",952208.3957738198,0,0.0,0.0,gas
20120202,2012,YES,CORROSION FAILURE,37.7958,-96.72309,KS,43720,6.625,CARBON STEEL,1954,"ONSHORE PIPELINE, INCLUDING VALVE SITES",369562.7954015328,2068,5.0,5.341645067698259,hazardous_liquid
20250060,2025,NO,EQUIPMENT FAILURE,31.119566,-101.567845,TX,4653,,CARBON STEEL,UNKNOWN,ONSHORE COMPRESSOR STATION EQUIPMENT AND PIPING,222045.61718987825,1,2.9,3.12,gas
20130155,2013,NO,EQUIPMENT FAILURE,29.81987246,-95.15331796,TX,22150,,,,ONSHORE PUMP/METER STATION EQUIPMENT AND PIPING,618206.0873400278,20,3.3,4.765,hazardous_liquid
20140361,2014,NO,INCORRECT OPERATION,29.760156,-96.148478,TX,1700,,CARBON STEEL,UNKNOWN,ONSHORE TERMINAL/TANK FARM EQUIPMENT AND PIPING,585454.6184478583,1,2.9,3.12,hazardous_liquid
20180202,2017,NO,CORROSION FAILURE,32.00539,-102.04479,TX,68273,,CARBON STEEL,2011,ONSHORE TERMINAL/TANK FARM EQUIPMENT AND PIPING,271303.5010746519,124,4.8,5.362785483870968,hazardous_liquid
20150221,2015,NO,EQUIPMENT FAILURE,30.44471,-92.29098,LA,15000,,MATERIAL OTHER THAN CARBON STEEL,1979,ONSHORE PUMP/METER STATION EQUIPMENT AND PIPING,736044.1838501907,4,4.2,5.4375,hazardous_liquid
20190016,2019,NO,MATERIAL FAILURE OF PIPE OR WELD,40.42876,-96.218113,NE,48000,6.625,CARBON STEEL,1932,"ONSHORE PIPELINE, INCLUDING VALVE SITES",493990.508870823,1,2.8,5.0,gas
20250153,2025,YES,OTHER OUTSIDE FORCE DAMAGE,29.732283,-95.199113,TX,161801,,CARBON STEEL,2005,"ONSHORE BREAKOUT TANK OR STORAGE VESSEL, INCLUDING ATTACHED APPURTENANCES",624785.7435706919,20,3.3,4.765,hazardous_liquid
20180025,2017,NO,EQUIPMENT FAILURE,36.805299,-101.287597,OK,1360,,MATERIAL OTHER THAN CARBON STEEL,UNKNOWN,ONSHORE TERMINAL/TANK FARM EQUIPMENT AND PIPING,105861.41934934765,0,0.0,0.0,hazardous_liquid
20100270,2010,NO,EQUIPMENT FAILURE,29.4745,-95.1642,TX,4000,,MATERIAL OTHER THAN CARBON STEEL,2008,ONSHORE TERMINAL/TANK FARM EQUIPMENT AND PIPING,651851.1260224924,1,2.9,3.12,hazardous_liquid
20120103,2012,NO,MATERIAL FAILURE OF PIPE OR WELD,45.010556,-108.913889,MT,4550,,,,ONSHORE PUMP/METER STATION EQUIPMENT AND PIPING,99318.11147989928,14,4.0,9.912857142857144,hazardous_liquid
20250110,2025,NO,EQUIPMENT FAILURE,30.003982,-93.989769,TX,7500,,CARBON STEEL,2011,"ONSHORE BREAKOUT TANK OR STORAGE VESSEL, INCLUDING ATTACHED APPURTENANCES",661026.3897708715,4,4.2,5.4375,hazardous_liquid
20130302,2013,NO,CORROSION FAILURE,30.02448,-94.79471,TX,6553,,,,"ONSHORE PIPELINE, INCLUDING VALVE SITES",615598.5082989045,20,3.3,4.765,hazardous_liquid
20110087,2011,NO,EQUIPMENT FAILURE,47.55403,-111.28258,MT,10770,,,,ONSHORE PUMP/METER STATION EQUIPMENT AND PIPING,95119.26401492661,6,3.1,6.461666666666667,hazardous_liquid
20110012,2010,YES,CORROSION FAILURE,36.93117,-95.90781,OK,456240,8.625,CARBON STEEL,1973,"ONSHORE PIPELINE, INCLUDING VALVE SITES",327694.65460444224,2068,5.0,5.341645067698259,hazardous_liquid
20110396,2011,NO,CORROSION FAILURE,36.8053,-101.2876,OK,6080,10.75,CARBON STEEL,1973,ONSHORE PUMP/METER STATION EQUIPMENT AND PIPING,105861.58789805225,0,0.0,0.0,hazardous_liquid
20210104,2021,NO,EQUIPMENT FAILURE,31.673967,-103.755979,TX,1724,,CARBON STEEL,2018,ONSHORE TERMINAL/TANK FARM EQUIPMENT AND PIPING,94338.64266814987,289,3.9,5.003940138408304,hazardous_liquid
20180121,2018,NO,INCORRECT OPERATION,31.97784,-103.66366,TX,6053,,CARBON STEEL,2017,ONSHORE TERMINAL/TANK FARM EQUIPMENT AND PIPING,114616.32651182754,289,3.9,5.003940138408304,hazardous_liquid
20170376,2017,YES,OTHER ACCIDENT CAUSE,38.87624,-96.96307,KS,0,,CARBON STEEL,1981,"ONSHORE PIPELINE, INCLUDING VALVE SITES",338737.31713257055,3551,5.8,5.492065615319628,hazardous_liquid
20100024,2010,YES,EXCAVATION DAMAGE,34.92765,-91.05315,AR,161780,4.0,CARBON STEEL,1959,"ONSHORE PIPELINE, INCLUDING VALVE SITES",662951.2840179403,101,4.4,5.477089108910891,gas
20130235,2013,NO,INCORRECT OPERATION,30.83705,-95.17334,TX,4248,,CARBON STEEL,1953,ONSHORE PUMP/METER STATION EQUIPMENT AND PIPING,520044.8946778114,0,0.0,0.0,hazardous_liquid
20240184,2024,NO,EQUIPMENT FAILURE,28.933762,-95.312535,TX,13100,,CARBON STEEL,1999,ONSHORE PUMP/METER STATION EQUIPMENT AND PIPING,700373.1631295753,1,2.9,3.12,hazardous_liquid
20160081,2016,NO,EXCAVATION DAMAGE,29.86755,-95.20239,TX,47478,12.75,CARBON STEEL,1979,"ONSHORE PIPELINE, INCLUDING VALVE SITES",611321.6739692563,0,0.0,0.0,gas
20110027,2010,YES,CORROSION FAILURE,43.05284,-93.6389,IA,64515,6.625,CARBON STEEL,1968,"ONSHORE PIPELINE, INCLUDING VALVE SITES",851853.8046117759,17,4.6,4.616470588235295,hazardous_liquid
20170245,2017,NO,CORROSION FAILURE,38.584487,-90.189275,IL,96000,12.0,CARBON STEEL,1971,ONSHORE TERMINAL/TANK FARM EQUIPMENT AND PIPING,842101.4221104233,1915,5.7,5.30116501305483,hazardous_liquid
20200286,2020,NO,EQUIPMENT FAILURE,30.66894265,-97.85592033,TX,219,,CARBON STEEL,2016,ONSHORE PUMP/METER STATION EQUIPMENT AND PIPING,451153.827057158,21,3.3,4.776190476190476,hazardous_liquid
20200097,2020,YES,NATURAL FORCE DAMAGE,32.56913888,-85.89597618,AL,3025,,MATERIAL OTHER THAN CARBON STEEL,2019,"ONSHORE PIPELINE, INCLUDING VALVE SITES",1173932.073548027,1915,5.7,5.30116501305483,hazardous_liquid
20190029,2019,YES,EQUIPMENT FAILURE,41.615211,-91.408249,IA,261437,,CARBON STEEL,1998,ONSHORE PUMP/METER STATION EQUIPMENT AND PIPING,899914.8092215336,3,3.2,14.783333333333333,hazardous_liquid
20160071,2016,YES,EQUIPMENT FAILURE,34.068056,-113.610556,AZ,80591,,CARBON STEEL,1993,ONSHORE COMPRESSOR STATION EQUIPMENT AND PIPING,91920.56812497857,0,0.0,0.0,gas
20120343,2012,YES,EQUIPMENT FAILURE,42.11445,-104.564875,WY,35000,,CARBON STEEL,2010,ONSHORE PUMP/METER STATION EQUIPMENT AND PIPING,189655.69939244026,3,3.2,14.783333333333333,hazardous_liquid
20150196,2015,NO,EQUIPMENT FAILURE,29.88604163,-93.99349166,TX,3250,,CARBON STEEL,UNKNOWN,ONSHORE TERMINAL/TANK FARM EQUIPMENT AND PIPING,671345.3593744878,20,3.3,4.765,hazardous_liquid
20170355,2017,YES,EXCAVATION DAMAGE,35.013658,-97.787268,OK,1063242,8.0,CARBON STEEL,2015,"ONSHORE PIPELINE, INCLUDING VALVE SITES",57188.52336406137,3299,5.8,5.651424067899363,hazardous_liquid
20250226,2025,NO,CORROSION FAILURE,28.9834,-91.866739,,98001,4.5,CARBON STEEL,1984,"OFFSHORE PIPELINE, INCLUDING RISER AND RISER BEND",879443.4854963504,0,0.0,0.0,hazardous_liquid
20190122,2019,YES,CORROSION FAILURE,31.634409,-101.708221,TX,42050,30.0,CARBON STEEL,2014,ONSHORE TERMINAL/TANK FARM EQUIPMENT AND PIPING,253858.37951970063,10,3.9,5.234640000000001,hazardous_liquid
20170033,2017,YES,EQUIPMENT FAILURE,32.422576,-103.463796,NM,1822466,,MATERIAL OTHER THAN CARBON STEEL OR PLASTIC,2006,ONSHORE COMPRESSOR STATION EQUIPMENT AND PIPING,146621.35493298105,123,4.1,5.370487804878049,gas
20230104,2023,YES,OTHER OUTSIDE FORCE DAMAGE,34.03203737,-118.43156733,CA,839944,16.0,CARBON STEEL,1992,"ONSHORE PIPELINE, INCLUDING VALVE SITES",1276.4761133557147,302,4.54,10.610877483443709,hazardous_liquid
20190224,2019,NO,EQUIPMENT FAILURE,35.43513,-119.68239,CA,4419,,CARBON STEEL,2019,ONSHORE PUMP/METER STATION EQUIPMENT AND PIPING,12608.680838853232,302,4.54,10.610877483443709,hazardous_liquid
20100229,2010,NO,INCORRECT OPERATION,32.7478,-98.9129,TX,237,,,,ONSHORE PUMP/METER STATION EQUIPMENT AND PIPING,227724.21442763435,4,2.8,5.7975,hazardous_liquid
20110310,2011,NO,EXCAVATION DAMAGE,33.91765556,-117.9154528,CA,49800,,,,"ONSHORE PIPELINE, INCLUDING VALVE SITES",5153.015253784821,135,4.54,9.741703703703703,hazardous_liquid
20210237,2021,NO,EQUIPMENT FAILURE,31.970563,-102.028839,TX,3135,,CARBON STEEL,2019,ONSHORE PUMP/METER STATION EQUIPMENT AND PIPING,268581.024930859,124,4.8,5.362785483870968,hazardous_liquid
20140163,2014,YES,EQUIPMENT FAILURE,32.47599,-94.71869,TX,116350,,MATERIAL OTHER THAN CARBON STEEL,2013,"ONSHORE PIPELINE, INCLUDING VALVE SITES",414595.52926527633,1,4.2,4.75,hazardous_liquid
20230007,2022,YES,CORROSION FAILURE,33.877243,-118.10756,CA,9506666,16.0,CARBON STEEL,1954,"ONSHORE PIPELINE, INCLUDING VALVE SITES",7515.695699643694,314,4.8,9.119977707006369,hazardous_liquid
20170190,2017,YES,MATERIAL FAILURE OF PIPE OR WELD,41.61482,-88.05111,IL,270150,12.0,CARBON STEEL,1954,"ONSHORE PIPELINE, INCLUDING VALVE SITES",1178653.6465192623,3,3.2,14.783333333333333,hazardous_liquid
20130074,2013,NO,CORROSION FAILURE,29.708617,-95.1625,TX,15200,,,,"ONSHORE BREAKOUT TANK OR STORAGE VESSEL, INCLUDING ATTACHED APPURTENANCES",628735.5956393711,20,3.3,4.765,hazardous_liquid
20100090,2010,YES,MATERIAL FAILURE OF PIPE OR WELD,30.982,-89.21969,MS,180000,20.0,CARBON STEEL,1949,"ONSHORE PIPELINE, INCLUDING VALVE SITES",944633.9276259744,116,3.4,6.249801724137931,gas
20150383,2015,NO,INCORRECT OPERATION,32.53198,-100.83048,TX,11607,,CARBON STEEL,2006,ONSHORE TERMINAL/TANK FARM EQUIPMENT AND PIPING,323724.58005733305,3,2.8,5.583333333333333,hazardous_liquid
20210198,2021,NO,NATURAL FORCE DAMAGE,41.64338,-87.477898,IN,15534,,MATERIAL OTHER THAN CARBON STEEL,2021,"ONSHORE PIPELINE, INCLUDING VALVE SITES",1218985.4923091105,3,3.2,14.783333333333333,hazardous_liquid
20190022,2018,YES,EQUIPMENT FAILURE,29.34572,-100.562198,TX,41424,,CARBON STEEL,2018,ONSHORE PUMP/METER STATION EQUIPMENT AND PIPING,250393.9010312372,124,4.8,5.362785483870968,hazardous_liquid
20170299,2017,NO,MATERIAL FAILURE OF PIPE OR WELD,40.61248618,-74.24019281,NJ,80500,,CARBON STEEL,UNKNOWN,"ONSHORE BREAKOUT TANK OR STORAGE VESSEL, INCLUDING ATTACHED APPURTENANCES",2213074.6164335464,78,3.9,8.06423076923077,hazardous_liquid
20200267,2020,NO,EQUIPMENT FAILURE,32.233953,-96.337986,TX,38932,,MATERIAL OTHER THAN CARBON STEEL,2016,ONSHORE PUMP/METER STATION EQUIPMENT AND PIPING,329878.1380446184,1915,5.7,5.30116501305483,hazardous_liquid
20180041,2017,YES,CORROSION FAILURE,37.3685,-82.74407,KY,430014,10.0,CARBON STEEL,1954,"ONSHORE PIPELINE, INCLUDING VALVE SITES",1430358.467730202,0,0.0,0.0,gas
20240185,2024,YES,EQUIPMENT FAILURE,48.03028401,-103.87890946,ND,955000,,MATERIAL OTHER THAN CARBON STEEL,UNKNOWN,ONSHORE TERMINAL/TANK FARM EQUIPMENT AND PIPING,67520.47725944253,3,3.3,8.93,hazardous_liquid
20140235,2014,NO,EQUIPMENT FAILURE,39.13839,-94.60294,KS,4625,,MATERIAL OTHER THAN CARBON STEEL,UNKNOWN,ONSHORE PUMP/METER STATION EQUIPMENT AND PIPING,591202.9818618183,3551,5.8,5.492065615319628,hazardous_liquid
20250179,2021,YES,CORROSION FAILURE,36.1461641,-100.4415795,TX,405000,4.5,CARBON STEEL,2015,"ONSHORE PIPELINE, INCLUDING VALVE SITES",129507.71045139525,33,4.0,4.0224242424242425,hazardous_liquid
20220002,2021,YES,CORROSION FAILURE,28.294167,-93.2935,,1420002,30.0,CARBON STEEL,1975,"OFFSHORE PIPELINE, INCLUDING RISER AND RISER BEND",855635.0616342825,0,0.0,0.0,gas
20120349,2012,YES,EQUIPMENT FAILURE,36.64234919,-94.9731575,OK,362000,,CARBON STEEL,1971,ONSHORE PUMP/METER STATION EQUIPMENT AND PIPING,369112.26958748145,1915,5.7,5.30116501305483,hazardous_liquid
20100024,2010,NO,OTHER ACCIDENT CAUSE,29.71478,-95.17611,TX,30050,,CARBON STEEL,,"ONSHORE BREAKOUT TANK OR STORAGE VESSEL, INCLUDING ATTACHED APPURTENANCES",627526.5099717742,20,3.3,4.765,hazardous_liquid
20180060,2018,NO,EQUIPMENT FAILURE,32.415486,-91.489712,LA,10850,,CARBON STEEL,1991,ONSHORE COMPRESSOR STATION EQUIPMENT AND PIPING,681337.9965129939,13,3.5,5.130769230769231,gas
20170099,2017,NO,MATERIAL FAILURE OF PIPE OR WELD,35.31704,-98.32384,OK,54114,4.5,CARBON STEEL,1976,"ONSHORE PIPELINE, INCLUDING VALVE SITES",59661.95044524825,2068,5.0,5.341645067698259,hazardous_liquid
20180349,2018,NO,EQUIPMENT FAILURE,38.602775,-90.179371,IL,4037,,MATERIAL OTHER THAN CARBON STEEL,2018,"ONSHORE PIPELINE, INCLUDING VALVE SITES",843821.5587052616,1915,5.7,5.30116501305483,hazardous_liquid
20130116,2013,YES,CORROSION FAILURE,33.863481,-118.16312222,CA,150000,,CARBON STEEL,,ONSHORE TERMINAL/TANK FARM EQUIPMENT AND PIPING,12778.861144399703,314,4.8,9.119977707006369,hazardous_liquid
20150031,2015,NO,NATURAL FORCE DAMAGE,33.3949,-91.0185,MS,20696,,CARBON STEEL,1957,ONSHORE COMPRESSOR STATION EQUIPMENT AND PIPING,687534.8379030565,41,4.1,4.865317073170732,gas
20210146,2021,YES,INCORRECT OPERATION,29.715556,-95.180556,TX,250000,,CARBON STEEL,1972,"ONSHORE BREAKOUT TANK OR STORAGE VESSEL, INCLUDING ATTACHED APPURTENANCES",627253.8634719163,20,3.3,4.765,hazardous_liquid
20220262,2022,YES,CORROSION FAILURE,31.951506,-103.786898,TX,351003,10.0,CARBON STEEL,2015,"ONSHORE PIPELINE, INCLUDING VALVE SITES",103030.5100624877,289,3.9,5.003940138408304,hazardous_liquid
20110019,2011,YES,INCORRECT OPERATION,40.6091021,-93.5536968,IA,210600,,CARBON STEEL,1949,ONSHORE COMPRESSOR STATION EQUIPMENT AND PIPING,688043.3025293598,1,2.8,5.0,gas
20100070,2010,YES,INCORRECT OPERATION,39.02601,-85.85146,IN,35229,,CARBON STEEL,UNKNOWN,ONSHORE TERMINAL/TANK FARM EQUIPMENT AND PIPING,1207032.7832513275,78,3.9,8.06423076923077,hazardous_liquid
20110008,2010,YES,EXCAVATION DAMAGE,43.72835,-94.73,MN,362129,8.625,CARBON STEEL,1960,"ONSHORE PIPELINE, INCLUDING VALVE SITES",853608.5343858999,14,3.3,4.692142857142857,hazardous_liquid
20140297,2014,YES,NATURAL FORCE DAMAGE,39.846349,-75.459406,PA,248000,,CARBON STEEL,,ONSHORE TERMINAL/TANK FARM EQUIPMENT AND PIPING,2097273.021011861,78,3.9,8.06423076923077,hazardous_liquid
20190269,2019,YES,EQUIPMENT FAILURE,29.041033,-95.366683,TX,3,,MATERIAL OTHER THAN CARBON STEEL,2010,ONSHORE PUMP/METER STATION EQUIPMENT AND PIPING,687367.0247959077,1,2.9,3.12,hazardous_liquid
20130295,2013,YES,EQUIPMENT FAILURE,41.51616,-87.44906,IN,836469,,CARBON STEEL,2012,ONSHORE TERMINAL/TANK FARM EQUIPMENT AND PIPING,1212785.8015051156,3,3.2,14.783333333333333,hazardous_liquid
20180357,2018,YES,EQUIPMENT FAILURE,30.63515,-91.27909,LA,277800,,MATERIAL OTHER THAN CARBON STEEL,2014,"ONSHORE BREAKOUT TANK OR STORAGE VESSEL, INCLUDING ATTACHED APPURTENANCES",798321.3202114652,0,0.0,0.0,hazardous_liquid
20150077,2015,NO,EQUIPMENT FAILURE,36.81045,-97.8319,OK,1080,,MATERIAL OTHER THAN CARBON STEEL,UNKNOWN,"ONSHORE PIPELINE, INCLUDING VALVE SITES",230905.05332968026,2068,5.0,5.341645067698259,hazardous_liquid
20160364,2016,YES,OTHER ACCIDENT CAUSE,30.50214,-100.58349,TX,0,,CARBON STEEL,UNKNOWN,ONSHORE PUMP/METER STATION EQUIPMENT AND PIPING,275170.15510824573,124,4.8,5.362785483870968,hazardous_liquid
20220013,2021,NO,MATERIAL FAILURE OF PIPE OR WELD,33.89630126,-118.17401913,CA,40000,6.0,CARBON STEEL,UNKNOWN,"ONSHORE PIPELINE, INCLUDING VALVE SITES",8819.175441842415,135,4.54,9.741703703703703,hazardous_liquid
20250043,2025,YES,INCORRECT OPERATION,37.6493451,-122.40801,CA,966989,,CARBON STEEL,UNKNOWN,"ONSHORE PIPELINE, INCLUDING VALVE SITES",3349.378200684766,76,4.01,7.386565789473685,gas
20160088,2016,YES,MATERIAL FAILURE OF PIPE OR WELD,30.26667,-93.38114,LA,593860,10.75,CARBON STEEL,1962,"ONSHORE PIPELINE, INCLUDING VALVE SITES",675602.064972398,4,4.2,5.4375,hazardous_liquid
20170279,2017,YES,CORROSION FAILURE,26.189737,-97.434653,TX,110000,6.0,CARBON STEEL,1961,"ONSHORE PIPELINE, INCLUDING VALVE SITES",658821.4790853974,1,3.9,5.0,hazardous_liquid
20130046,2013,YES,EQUIPMENT FAILURE,35.726944,-101.354167,TX,30000,,CARBON STEEL,2012,"ONSHORE PIPELINE, INCLUDING VALVE SITES",200094.47780565324,33,4.0,4.0224242424242425,hazardous_liquid
20170054,2017,NO,EQUIPMENT FAILURE,36.147123,-97.370952,OK,8920,,MATERIAL OTHER THAN CARBON STEEL,2017,ONSHORE PUMP/METER STATION EQUIPMENT AND PIPING,181100.09852310678,2068,5.0,5.341645067698259,hazardous_liquid
20210085,2021,YES,EQUIPMENT FAILURE,28.308802,-97.299034,TX,463322,,CARBON STEEL,1927,"ONSHORE PIPELINE, INCLUDING VALVE SITES",580320.6290040911,1,2.7,5.0,gas
20260004,2026,NO,NATURAL FORCE DAMAGE,40.32371067,-81.08066955,OH,28437,,CARBON STEEL,2021,ONSHORE COMPRESSOR STATION EQUIPMENT AND PIPING,1640804.6378579887,2,2.6,0.0,gas
20210287,2021,NO,INCORRECT OPERATION,38.405767,-82.588245,WV,9064,,MATERIAL OTHER THAN CARBON STEEL,2021,"ONSHORE BREAKOUT TANK OR STORAGE VESSEL, INCLUDING ATTACHED APPURTENANCES",1462554.5816283089,78,3.9,8.06423076923077,hazardous_liquid
20210181,2021,NO,INCORRECT OPERATION,28.94625,-95.42365,TX,33000,,CARBON STEEL,2019,ONSHORE PUMP/METER STATION EQUIPMENT AND PIPING,694923.7567801347,1,2.9,3.12,hazardous_liquid
20110042,2011,NO,INCORRECT OPERATION,36.20138,-99.89379,OK,43,,,,ONSHORE PUMP/METER STATION EQUIPMENT AND PIPING,127132.84676551851,33,4.0,4.0224242424242425,hazardous_liquid
20180102,2018,NO,EQUIPMENT FAILURE,42.686499,-89.640977,WI,9497,,MATERIAL OTHER THAN CARBON STEEL OR PLASTIC,1996,ONSHORE COMPRESSOR STATION EQUIPMENT AND PIPING,1085676.1008551645,0,0.0,0.0,gas
20180183,2018,NO,EQUIPMENT FAILURE,48.1144,-103.76725,ND,652,,CARBON STEEL,2016,ONSHORE PUMP/METER STATION EQUIPMENT AND PIPING,72718.72856791358,1,3.3,5.0,hazardous_liquid
20100025,2010,YES,OTHER INCIDENT CAUSE,29.9242,-91.1239,LA,357663,12.75,CARBON STEEL,1964,"ONSHORE PIPELINE, INCLUDING VALVE SITES",858834.6209454146,2,3.0,2.7,gas
20230268,2023,YES,EXCAVATION DAMAGE,38.000445,-96.67383,KS,613031,10.0,CARBON STEEL,1955,"ONSHORE PIPELINE, INCLUDING VALVE SITES",326911.7464962577,3551,5.8,5.492065615319628,hazardous_liquid
20170100,2017,NO,INCORRECT OPERATION,30.014097,-90.855537,LA,9742,,CARBON STEEL,1967,"ONSHORE BREAKOUT TANK OR STORAGE VESSEL, INCLUDING ATTACHED APPURTENANCES",872553.0293581698,0,0.0,0.0,hazardous_liquid
20100246,2010,YES,CORROSION FAILURE,33.54657,-96.36906,TX,250358,8.625,CARBON STEEL,1981,"ONSHORE PIPELINE, INCLUDING VALVE SITES",219980.0527165212,1915,5.7,5.30116501305483,hazardous_liquid
20160366,2016,YES,EQUIPMENT FAILURE,42.308506,-107.872722,WY,96222,,MATERIAL OTHER THAN CARBON STEEL,1997,ONSHORE PUMP/METER STATION EQUIPMENT AND PIPING,23930.867873173196,42,3.51,6.634285714285714,hazardous_liquid
20240018,2023,NO,EQUIPMENT FAILURE,32.1472,-102.8226,TX,6332,,MATERIAL OTHER THAN CARBON STEEL,2016,ONSHORE PUMP/METER STATION EQUIPMENT AND PIPING,194601.21380972015,289,3.9,5.003940138408304,hazardous_liquid
20130377,2013,NO,EQUIPMENT FAILURE,39.70736769,-89.17722989,IL,16150,,CARBON STEEL,1971,ONSHORE PUMP/METER STATION EQUIPMENT AND PIPING,980137.4575409275,3,3.2,14.783333333333333,hazardous_liquid
20170120,2017,NO,EQUIPMENT FAILURE,29.630175,-95.226231,TX,35030,,CARBON STEEL,1970,ONSHORE PUMP/METER STATION EQUIPMENT AND PIPING,633716.5216527152,1,2.9,3.12,hazardous_liquid
20220048,2022,NO,EQUIPMENT FAILURE,29.7587806,-94.91170555,TX,10055,,CARBON STEEL,UNKNOWN,"ONSHORE PIPELINE, INCLUDING VALVE SITES",635311.9534814252,20,3.3,4.765,hazardous_liquid
20230015,2022,NO,CORROSION FAILURE,32.48316,-94.83723,TX,5876,20.0,CARBON STEEL,2016,ONSHORE PUMP/METER STATION EQUIPMENT AND PIPING,405343.458021967,1,4.2,4.75,hazardous_liquid
20110388,2011,NO,INCORRECT OPERATION,34.79531,-97.79971,OK,26806,,CARBON STEEL,,ONSHORE COMPRESSOR STATION EQUIPMENT AND PIPING,46367.581578198326,34,3.43,6.371294117647059,gas
20170097,2017,NO,CORROSION FAILURE,37.682085,-98.468223,KS,99250,2.375,CARBON STEEL,1978,ONSHORE COMPRESSOR STATION EQUIPMENT AND PIPING,165076.6314672076,32,3.2,4.029125,gas
20100106,2010,NO,CORROSION FAILURE,35.93749,-96.74417,OK,20333,24.0,CARBON STEEL,1992,ONSHORE PUMP/METER STATION EQUIPMENT AND PIPING,195789.94297737212,1915,5.7,5.30116501305483,hazardous_liquid
20250237,2025,NO,EQUIPMENT FAILURE,37.266492,-109.307894,UT,29276,,MATERIAL OTHER THAN CARBON STEEL,2010,ONSHORE PUMP/METER STATION EQUIPMENT AND PIPING,80621.32804861767,5,2.9,1.0,hazardous_liquid
20120049,2012,YES,EXCAVATION DAMAGE,42.59731,-96.12534,IA,472273,24.0,CARBON STEEL,1957,"ONSHORE PIPELINE, INCLUDING VALVE SITES",686035.5051150862,1,2.8,5.0,gas
20260092,2026,YES,INCORRECT OPERATION,29.74566,-95.199088,TX,2035,,CARBON STEEL,2008,"ONSHORE BREAKOUT TANK OR STORAGE VESSEL, INCLUDING ATTACHED APPURTENANCES",623466.506606331,20,3.3,4.765,hazardous_liquid
20230174,2023,YES,CORROSION FAILURE,27.812217,-97.431167,TX,175061,8.625,CARBON STEEL,UNKNOWN,"ONSHORE PIPELINE, INCLUDING VALVE SITES",581947.0423908288,1,3.9,5.0,hazardous_liquid
20140186,2014,YES,CORROSION FAILURE,41.831164,-79.117514,PA,250000,12.5,CARBON STEEL,1971,"ONSHORE PIPELINE, INCLUDING VALVE SITES",1849359.3180885199,78,3.9,8.06423076923077,hazardous_liquid
20180079,2018,NO,EQUIPMENT FAILURE,38.96394,-97.90979,KS,30100,,MATERIAL OTHER THAN CARBON STEEL,UNKNOWN,"ONSHORE PIPELINE, INCLUDING VALVE SITES",277213.3008857101,17,4.6,4.616470588235295,hazardous_liquid
20120098,2012,YES,EXCAVATION DAMAGE,33.16505,-96.63059,TX,632500,6.0,CARBON STEEL,1998,"ONSHORE PIPELINE, INCLUDING VALVE SITES",230768.6069307616,6,3.0,5.11,gas
20210230,2021,NO,MATERIAL FAILURE OF PIPE OR WELD,41.766608,-90.677566,IA,23561,8.0,CARBON STEEL,1967,"ONSHORE PIPELINE, INCLUDING VALVE SITES",1027939.8390884708,3,3.2,14.783333333333333,hazardous_liquid
20220072,2022,YES,EQUIPMENT FAILURE,38.53345,-108.076521,CO,153886,,CARBON STEEL,UNKNOWN,ONSHORE COMPRESSOR STATION EQUIPMENT AND PIPING,3312.979237193716,1,2.7,3.29,gas
20120121,2012,NO,EQUIPMENT FAILURE,36.03491,-95.88848,OK,35020,,CARBON STEEL,2005,ONSHORE REGULATOR/METERING STATION EQUIPMENT AND PIPING,263322.14670312504,337,5.7,5.004068249258161,gas
20160295,2016,NO,NATURAL FORCE DAMAGE,30.4446,-92.29089,LA,10000,,CARBON STEEL,1979,ONSHORE PUMP/METER STATION EQUIPMENT AND PIPING,736058.7451591631,4,4.2,5.4375,hazardous_liquid
20150050,2015,YES,NATURAL FORCE DAMAGE,45.698007,-93.996983,MN,2286812,,CARBON STEEL,1980,"ONSHORE PIPELINE, INCLUDING VALVE SITES",1068529.633874871,14,3.3,4.692142857142857,hazardous_liquid
20130013,2012,NO,OTHER ACCIDENT CAUSE,30.479042,-91.202633,LA,0,,,,"ONSHORE PIPELINE, INCLUDING VALVE SITES",814548.0957254003,0,0.0,0.0,hazardous_liquid
20240133,2024,NO,INCORRECT OPERATION,29.71901833,-95.17919497,TX,20256,,CARBON STEEL,1963,ONSHORE EQUIPMENT AND PIPING ASSOCIATED WITH BELOWGROUND STORAGE,626972.2740833416,20,3.3,4.765,hazardous_liquid
20180338,2018,NO,EQUIPMENT FAILURE,33.85702,-84.62953,GA,1016,,MATERIAL OTHER THAN CARBON STEEL,2018,ONSHORE TERMINAL/TANK FARM EQUIPMENT AND PIPING,1260996.2621689423,1915,5.7,5.30116501305483,hazardous_liquid
20230075,2023,NO,EQUIPMENT FAILURE,35.957687,-96.72199,OK,8000,,MATERIAL OTHER THAN CARBON STEEL,1977,ONSHORE PUMP/METER STATION EQUIPMENT AND PIPING,198783.9236907834,1915,5.7,5.30116501305483,hazardous_liquid
20200048,2020,NO,EQUIPMENT FAILURE,35.925146,-96.741851,OK,9500,,MATERIAL OTHER THAN CARBON STEEL,2003,"ONSHORE BREAKOUT TANK OR STORAGE VESSEL, INCLUDING ATTACHED APPURTENANCES",195003.86814767864,1915,5.7,5.30116501305483,hazardous_liquid
20140069,2014,NO,CORROSION FAILURE,21.31668,-158.09993,HI,42333,,,,"ONSHORE PIPELINE, INCLUDING VALVE SITES",285527.81391367654,181,4.45,8.375408839779006,hazardous_liquid
20200277,2020,NO,CORROSION FAILURE,32.22678,-101.39443,TX,16471,,CARBON STEEL,1929,"ONSHORE PIPELINE, INCLUDING VALVE SITES",324274.02018327976,124,4.8,5.362785483870968,hazardous_liquid
20170078,2017,YES,MATERIAL FAILURE OF PIPE OR WELD,46.495875,-88.730855,MI,1000060,16.0,CARBON STEEL,1965,"ONSHORE PIPELINE, INCLUDING VALVE SITES",1396923.4318476473,0,0.0,0.0,gas
20250037,2025,YES,OTHER ACCIDENT CAUSE,33.806816,-84.904423,GA,5212069,36.0,CARBON STEEL,1963,"ONSHORE PIPELINE, INCLUDING VALVE SITES",1236619.9003025005,1915,5.7,5.30116501305483,hazardous_liquid
20180385,2018,NO,INCORRECT OPERATION,41.60766736,-87.43874523,IN,5390,,CARBON STEEL,2009,ONSHORE TERMINAL/TANK FARM EQUIPMENT AND PIPING,1219341.4115523747,3,3.2,14.783333333333333,hazardous_liquid
20140289,2014,YES,NATURAL FORCE DAMAGE,41.126883,-104.791108,WY,6000,,CARBON STEEL,1971,"ONSHORE BREAKOUT TANK OR STORAGE VESSEL, INCLUDING ATTACHED APPURTENANCES",126278.19061022594,0,0.0,0.0,hazardous_liquid
20110321,2011,NO,CORROSION FAILURE,35.296047,-119.160719,CA,12250,,,,"ONSHORE PIPELINE, INCLUDING VALVE SITES",16566.211718508897,32,4.27,13.037062500000001,hazardous_liquid
20220171,2022,NO,INCORRECT OPERATION,28.93435,-90.18049,,2500,12.0,CARBON STEEL,1976,"OFFSHORE PIPELINE, INCLUDING RISER AND RISER BEND",999909.3832118564,0,0.0,0.0,hazardous_liquid
20210253,2021,YES,MATERIAL FAILURE OF PIPE OR WELD,47.049767,-93.117102,MN,488473,18.0,CARBON STEEL,1950,"ONSHORE PIPELINE, INCLUDING VALVE SITES",881235.1463960512,1,3.3,5.0,hazardous_liquid
20100137,2010,NO,EQUIPMENT FAILURE,33.59667,-81.95333,SC,26885,,CARBON STEEL,1992,ONSHORE PUMP/METER STATION EQUIPMENT AND PIPING,1510529.3900046558,1915,5.7,5.30116501305483,hazardous_liquid
20110149,2011,NO,EQUIPMENT FAILURE,30.32637,-93.35268,LA,541,,CARBON STEEL,2010,"ONSHORE PIPELINE, INCLUDING VALVE SITES",672526.4750380446,4,4.2,5.4375,hazardous_liquid
20140438,2014,NO,INCORRECT OPERATION,46.69354,-92.049,WI,41878,,CARBON STEEL,2014,ONSHORE TERMINAL/TANK FARM EQUIPMENT AND PIPING,1244120.962270925,14,3.3,4.692142857142857,hazardous_liquid
20110334,2011,NO,CORROSION FAILURE,28.804167,-96.793611,TX,45240,,,,"ONSHORE PIPELINE, INCLUDING VALVE SITES",671376.6899742273,1,2.9,3.12,hazardous_liquid
20200104,2020,NO,EQUIPMENT FAILURE,27.908308,-97.417746,TX,36733,,CARBON STEEL,2019,ONSHORE PUMP/METER STATION EQUIPMENT AND PIPING,580068.2779503943,1,3.9,5.0,hazardous_liquid
20120021,2010,NO,INCORRECT OPERATION,37.803255,-96.873398,KS,8867,,,,ONSHORE PUMP/METER STATION EQUIPMENT AND PIPING,305509.2071922679,3551,5.8,5.492065615319628,hazardous_liquid
20140123,2014,NO,EQUIPMENT FAILURE,43.14017,-93.35353,IA,15050,,,,ONSHORE TERMINAL/TANK FARM EQUIPMENT AND PIPING,874995.941466017,17,4.6,4.616470588235295,hazardous_liquid
20150306,2015,NO,MATERIAL FAILURE OF PIPE OR WELD,36.49701,-107.74874,NM,19052,,CARBON STEEL,1983,ONSHORE PUMP/METER STATION EQUIPMENT AND PIPING,79803.15295341784,0,0.0,0.0,hazardous_liquid
20100040,2010,NO,EQUIPMENT FAILURE,30.54741,-90.16677,LA,4215,,CARBON STEEL,,ONSHORE TERMINAL/TANK FARM EQUIPMENT AND PIPING,891467.906275562,1915,5.7,5.30116501305483,hazardous_liquid
20170042,2017,NO,EQUIPMENT FAILURE,36.734815,-107.966102,NM,17409,,CARBON STEEL,2007,ONSHORE COMPRESSOR STATION EQUIPMENT AND PIPING,109484.10147563303,0,0.0,0.0,gas
20220032,2022,NO,EQUIPMENT FAILURE,41.40089,-80.28235,PA,2954,,MATERIAL OTHER THAN CARBON STEEL OR PLASTIC,1989,ONSHORE REGULATOR/METERING STATION EQUIPMENT AND PIPING,1741962.76008289,4,3.2,6.05,gas
20150065,2015,YES,CORROSION FAILURE,28.506467,-91.101507,,311405,12.0,CARBON STEEL,1970,"OFFSHORE PIPELINE, INCLUDING RISER AND RISER BEND",968922.2093999272,0,0.0,0.0,gas
20140096,2014,YES,MATERIAL FAILURE OF PIPE OR WELD,34.072025,-113.612147,AZ,131676,30.0,CARBON STEEL,1950,"ONSHORE PIPELINE, INCLUDING VALVE SITES",91540.4145018416,0,0.0,0.0,gas
20210164,2021,YES,CORROSION FAILURE,31.95389,-103.7217,TX,522275,12.0,CARBON STEEL,2016,"ONSHORE PIPELINE, INCLUDING VALVE SITES",108528.02637069744,289,3.9,5.003940138408304,hazardous_liquid
20240101,2024,NO,INCORRECT OPERATION,39.380226,-122.03241,CA,107713,,CARBON STEEL,2024,"BELOWGROUND STORAGE, INCLUDING ASSOCIATED EQUIPMENT AND PIPING",55380.18421802037,29,3.86,26.665137931034483,gas
20160069,2016,YES,CORROSION FAILURE,34.32184,-100.24492,TX,368240,10.0,CARBON STEEL,1927,"ONSHORE PIPELINE, INCLUDING VALVE SITES",147593.02914308678,4,2.8,5.7975,hazardous_liquid
20210159,2021,NO,CORROSION FAILURE,32.530329,-100.829707,TX,10000,,CARBON STEEL,2015,ONSHORE PUMP/METER STATION EQUIPMENT AND PIPING,323832.9541770262,3,2.8,5.583333333333333,hazardous_liquid
20160236,2016,YES,MATERIAL FAILURE OF PIPE OR WELD,39.772846,-91.565859,MO,32599,,CARBON STEEL,2000,"ONSHORE PIPELINE, INCLUDING VALVE SITES",819157.3483427108,3,3.2,14.783333333333333,hazardous_liquid
20190090,2019,YES,EXCAVATION DAMAGE,38.57622,-83.46743,KY,313326,6.0,CARBON STEEL,1995,"ONSHORE PIPELINE, INCLUDING VALVE SITES",1391701.3262828453,0,0.0,0.0,gas
20140113,2014,NO,CORROSION FAILURE,38.002629,-86.064903,IN,70588,4.0,CARBON STEEL,1992,"BELOWGROUND STORAGE, INCLUDING ASSOCIATED EQUIPMENT AND PIPING",1155811.2253884566,106,4.4,5.922216981132076,gas
20250149,2025,YES,EQUIPMENT FAILURE,35.01673079,-81.68385561,SC,737175,,MATERIAL OTHER THAN CARBON STEEL,1977,ONSHORE PUMP/METER STATION EQUIPMENT AND PIPING,1517637.379438043,1915,5.7,5.30116501305483,hazardous_liquid
20180009,2017,NO,INCORRECT OPERATION,39.632548,-87.284127,IN,662,,CARBON STEEL,UNKNOWN,ONSHORE PUMP/METER STATION EQUIPMENT AND PIPING,1118805.6701105477,3,3.3,8.93,hazardous_liquid
20240021,2023,YES,CORROSION FAILURE,41.66647,-83.47099,OH,4397727,10.75,CARBON STEEL,1963,"ONSHORE PIPELINE, INCLUDING VALVE SITES",1507584.1531640964,3,3.3,8.93,hazardous_liquid
20120022,2011,NO,EQUIPMENT FAILURE,29.750786,-95.209372,TX,1630,,,,ONSHORE PUMP/METER STATION EQUIPMENT AND PIPING,622507.7647380548,20,3.3,4.765,hazardous_liquid
20190232,2019,NO,EQUIPMENT FAILURE,30.00589,-93.97616,TX,14840,,CARBON STEEL,2017,ONSHORE PUMP/METER STATION EQUIPMENT AND PIPING,661642.0555436854,0,0.0,0.0,hazardous_liquid
20110381,2011,YES,CORROSION FAILURE,29.878864,-93.986341,TX,2582100,16.0,CARBON STEEL,2010,"ONSHORE PIPELINE, INCLUDING VALVE SITES",672395.0542797566,20,3.3,4.765,hazardous_liquid
20130312,2013,NO,INCORRECT OPERATION,30.20382,-97.87389,TX,33800,,CARBON STEEL,,"ONSHORE PIPELINE, INCLUDING VALVE SITES",502378.33856670285,21,3.3,4.776190476190476,hazardous_liquid
20150359,2015,NO,EQUIPMENT FAILURE,32.0126,-102.02798,TX,8600,,MATERIAL OTHER THAN CARBON STEEL,2015,ONSHORE TERMINAL/TANK FARM EQUIPMENT AND PIPING,272744.3547012866,124,4.8,5.362785483870968,hazardous_liquid
20220244,2022,NO,INCORRECT OPERATION,29.745756,-95.202529,TX,2597,,CARBON STEEL,2013,ONSHORE TERMINAL/TANK FARM EQUIPMENT AND PIPING,623305.4471296943,20,3.3,4.765,hazardous_liquid
20210050,2021,NO,INCORRECT OPERATION,42.607755,-83.56918,MI,36464,,CARBON STEEL,UNKNOWN,"ONSHORE PIPELINE, INCLUDING VALVE SITES",1549113.977389546,2,2.6,0.725,gas
20100100,2010,NO,INCORRECT OPERATION,46.8197,-95.1489,MN,66679,,CARBON STEEL,,ONSHORE PUMP/METER STATION EQUIPMENT AND PIPING,737720.4132609115,1,3.3,5.0,hazardous_liquid
20150008,2014,NO,OTHER INCIDENT CAUSE,29.751603,-95.803775,TX,581,,MATERIAL OTHER THAN CARBON STEEL OR PLASTIC,2014,ONSHORE COMPRESSOR STATION EQUIPMENT AND PIPING,598326.1933801265,0,0.0,0.0,gas
20130175,2013,NO,EQUIPMENT FAILURE,33.826786,-98.638556,TX,825,,,,ONSHORE PUMP/METER STATION EQUIPMENT AND PIPING,105369.89131177684,3299,5.8,5.651424067899363,hazardous_liquid
20120055,2012,YES,EXCAVATION DAMAGE,42.257145,-90.647173,IA,629780,16.0,CARBON STEEL,1996,"ONSHORE PIPELINE, INCLUDING VALVE SITES",990171.3143949041,1613,5.8,5.39891382517049,gas
20200074,2020,NO,EQUIPMENT FAILURE,37.758777,-92.67267,MO,7028,,CARBON STEEL,UNKNOWN,ONSHORE PUMP/METER STATION EQUIPMENT AND PIPING,607839.6136919126,1915,5.7,5.30116501305483,hazardous_liquid
20150314,2015,NO,MATERIAL FAILURE OF PIPE OR WELD,30.528648,-91.746802,LA,12775,2.0,CARBON STEEL,1968,ONSHORE PUMP/METER STATION EQUIPMENT AND PIPING,769957.6604376255,1,4.2,4.75,hazardous_liquid
20160317,2016,YES,CORROSION FAILURE,31.821045,-106.209621,TX,583099,,CARBON STEEL,2009,"ONSHORE BREAKOUT TANK OR STORAGE VESSEL, INCLUDING ATTACHED APPURTENANCES",2597.542764336851,22,4.1,4.8999999999999995,hazardous_liquid
20140115,2014,YES,OTHER INCIDENT CAUSE,30.49334,-91.19874,LA,1000327,10.75,CARBON STEEL,1946,"ONSHORE PIPELINE, INCLUDING VALVE SITES",813892.2232519732,0,0.0,0.0,gas
20160071,2016,NO,EQUIPMENT FAILURE,41.11988,-91.647847,IA,4092,,CARBON STEEL,1997,"ONSHORE PIPELINE, INCLUDING VALVE SITES",920248.5704031333,3,3.2,14.783333333333333,hazardous_liquid
20240110,2024,YES,EQUIPMENT FAILURE,32.525758,-86.929988,AL,56589,,CARBON STEEL,UNKNOWN,ONSHORE COMPRESSOR STATION EQUIPMENT AND PIPING,1081662.4746751408,65,3.6,5.786723076923077,gas
20200018,2020,NO,EQUIPMENT FAILURE,29.974034,-91.809304,LA,92852,,CARBON STEEL,1931,"ONSHORE PIPELINE, INCLUDING VALVE SITES",805425.2232446038,0,0.0,0.0,gas
20130030,2013,YES,CORROSION FAILURE,28.551,-91.67917,,449520,24.0,CARBON STEEL,,"OFFSHORE PIPELINE, INCLUDING RISER AND RISER BEND",927479.3242835224,0,0.0,0.0,gas
20240087,2024,NO,INCORRECT OPERATION,32.5352,-100.8419,TX,5658,,CARBON STEEL,2018,ONSHORE TERMINAL/TANK FARM EQUIPMENT AND PIPING,324049.1181645623,72,4.3,4.587083333333333,hazardous_liquid
20220238,2022,NO,INCORRECT OPERATION,29.7474,-95.1276,TX,15040,,CARBON STEEL,1992,ONSHORE TERMINAL/TANK FARM EQUIPMENT AND PIPING,626474.4646063693,20,3.3,4.765,hazardous_liquid
20170433,2017,NO,EQUIPMENT FAILURE,40.5768,-74.2491,NJ,66040,,MATERIAL OTHER THAN CARBON STEEL,2016,ONSHORE TERMINAL/TANK FARM EQUIPMENT AND PIPING,2211681.9990088777,78,3.9,8.06423076923077,hazardous_liquid
20170109,2017,NO,EQUIPMENT FAILURE,28.945513,-95.424374,TX,260,,CARBON STEEL,2014,ONSHORE TERMINAL/TANK FARM EQUIPMENT AND PIPING,694972.5727200999,1,2.9,3.12,hazardous_liquid
20190330,2019,NO,INCORRECT OPERATION,35.3191,-106.4336,NM,7406,,CARBON STEEL,2007,"ONSHORE PIPELINE, INCLUDING VALVE SITES",398.83689092356735,0,0.0,0.0,hazardous_liquid
20180073,2018,NO,EQUIPMENT FAILURE,35.7815,-97.2378,OK,589,,MATERIAL OTHER THAN CARBON STEEL,2017,"ONSHORE PIPELINE, INCLUDING VALVE SITES",153078.19470634277,3299,5.8,5.651424067899363,hazardous_liquid
20190054,2019,NO,EQUIPMENT FAILURE,35.979805,-84.228667,TN,8720,,CARBON STEEL,2016,"ABOVEGROUND STORAGE, INCLUDING ASSOCIATED EQUIPMENT AND PIPING",1285330.6381050476,5,3.3,0.03,gas
20150152,2015,NO,EQUIPMENT FAILURE,29.71897,-95.1793,TX,35000,,MATERIAL OTHER THAN CARBON STEEL,UNKNOWN,ONSHORE PUMP/METER STATION EQUIPMENT AND PIPING,626972.4083145462,20,3.3,4.765,hazardous_liquid
20130350,2013,YES,INCORRECT OPERATION,35.265278,-101.890833,TX,104500,,CARBON STEEL,2013,ONSHORE TERMINAL/TANK FARM EQUIPMENT AND PIPING,268955.05816013884,4,2.8,5.7975,hazardous_liquid
20150363,2015,YES,EQUIPMENT FAILURE,33.771038,-118.225012,CA,15500,,MATERIAL OTHER THAN CARBON STEEL,2015,"ONSHORE PIPELINE, INCLUDING VALVE SITES",4746.486885272946,314,4.8,9.119977707006369,hazardous_liquid
20100258,2010,YES,EXCAVATION DAMAGE,33.811699,-118.180656,CA,765000,10.75,CARBON STEEL,1960,"ONSHORE PIPELINE, INCLUDING VALVE SITES",352.4047740190039,314,4.8,9.119977707006369,hazardous_liquid
20120303,2012,NO,MATERIAL FAILURE OF PIPE OR WELD,33.8000022,-118.233913,CA,93318,,CARBON STEEL,1998,ONSHORE PUMP/METER STATION EQUIPMENT AND PIPING,7780.046460647128,314,4.8,9.119977707006369,hazardous_liquid
20120002,2011,NO,EQUIPMENT FAILURE,38.38840127,-96.20767675,KS,4806,,CARBON STEEL,1987,ONSHORE REGULATOR/METERING STATION EQUIPMENT AND PIPING,377510.78739559784,1613,5.8,5.39891382517049,gas
20130017,2012,NO,INCORRECT OPERATION,48.284494,-102.926272,ND,77332,,CARBON STEEL,2012,ONSHORE TERMINAL/TANK FARM EQUIPMENT AND PIPING,133424.52170064262,1,3.3,5.0,hazardous_liquid
20150324,2015,NO,OTHER ACCIDENT CAUSE,29.422303,-95.140306,TX,0,,CARBON STEEL,UNKNOWN,"ONSHORE BREAKOUT TANK OR STORAGE VESSEL, INCLUDING ATTACHED APPURTENANCES",658066.4446513017,1,2.9,3.12,hazardous_liquid
20240010,2024,YES,MATERIAL FAILURE OF PIPE OR WELD,31.76842,-94.14313,TX,679330,16.0,CARBON STEEL,1924,"ONSHORE PIPELINE, INCLUDING VALVE SITES",506461.60094115935,19,3.2,6.777894736842105,gas
20160111,2016,NO,EQUIPMENT FAILURE,41.414332,-87.988991,IL,13710,,CARBON STEEL,1974,ONSHORE PUMP/METER STATION EQUIPMENT AND PIPING,1169514.0574988422,3,3.2,14.783333333333333,hazardous_liquid
20140147,2014,NO,EQUIPMENT FAILURE,33.616375,-85.778931,AL,6528,,,,ONSHORE PUMP/METER STATION EQUIPMENT AND PIPING,1159837.5428731535,1915,5.7,5.30116501305483,hazardous_liquid
20130319,2013,YES,OTHER ACCIDENT CAUSE,37.79193,-96.88026,KS,10880,6.625,CARBON STEEL,1977,"ONSHORE PIPELINE, INCLUDING VALVE SITES",304710.14910923905,3551,5.8,5.492065615319628,hazardous_liquid
20220078,2022,NO,EQUIPMENT FAILURE,26.446733,-98.041017,TX,29675,,CARBON STEEL,UNKNOWN,"ONSHORE PIPELINE, INCLUDING VALVE SITES",592534.5140131563,1,3.9,5.0,gas
20200084,2020,NO,CORROSION FAILURE,42.471576,-94.041393,IA,28382,2.375,CARBON STEEL,1931,"ONSHORE PIPELINE, INCLUDING VALVE SITES",782635.1094742651,0,0.0,0.0,gas
20190217,2019,NO,EQUIPMENT FAILURE,42.866095,-106.417519,WY,7780,,CARBON STEEL,1952,"ONSHORE BREAKOUT TANK OR STORAGE VESSEL, INCLUDING ATTACHED APPURTENANCES",86202.8727760743,42,3.51,6.634285714285714,hazardous_liquid
20120049,2012,YES,EXCAVATION DAMAGE,33.20242,-92.65195,AR,42532,6.625,CARBON STEEL,1931,"ONSHORE PIPELINE, INCLUDING VALVE SITES",547927.9979696136,1915,5.7,5.30116501305483,hazardous_liquid
20240097,2024,NO,EQUIPMENT FAILURE,40.012637,-80.118278,PA,9714,,CARBON STEEL,2019,ONSHORE COMPRESSOR STATION EQUIPMENT AND PIPING,1710504.9127802525,3,2.8,3.7100000000000004,gas
20160181,2016,YES,EQUIPMENT FAILURE,29.715674,-95.178747,TX,138850,,CARBON STEEL,1972,"ONSHORE BREAKOUT TANK OR STORAGE VESSEL, INCLUDING ATTACHED APPURTENANCES",627321.9822572905,20,3.3,4.765,hazardous_liquid
20180124,2018,YES,OTHER OUTSIDE FORCE DAMAGE,42.6359249,-114.772749,ID,3442000,8.0,CARBON STEEL,1950,"ONSHORE PIPELINE, INCLUDING VALVE SITES",17876.736665128392,42,3.51,6.634285714285714,hazardous_liquid
20210071,2021,YES,CORROSION FAILURE,38.842588,-98.07396,KS,860396,30.0,CARBON STEEL,1966,"ONSHORE PIPELINE, INCLUDING VALVE SITES",257629.86233197953,0,0.0,0.0,gas
20130045,2013,NO,INCORRECT OPERATION,38.73302,-77.19229,VA,20100,,,,ONSHORE PUMP/METER STATION EQUIPMENT AND PIPING,1932579.0705442734,78,3.9,8.06423076923077,hazardous_liquid
20100163,2010,YES,EXCAVATION DAMAGE,33.53866,-82.53516,GA,524275,8.625,CARBON STEEL,1961,"ONSHORE PIPELINE, INCLUDING VALVE SITES",1458284.0073839072,1915,5.7,5.30116501305483,hazardous_liquid
20210110,2021,NO,EQUIPMENT FAILURE,32.50209,-94.84941,TX,15130,,MATERIAL OTHER THAN CARBON STEEL,1932,ONSHORE TERMINAL/TANK FARM EQUIPMENT AND PIPING,403140.7278192219,1,4.2,4.75,hazardous_liquid
20200027,2020,YES,EQUIPMENT FAILURE,38.372904,-97.782311,KS,2247,,CARBON STEEL,UNKNOWN,ONSHORE EQUIPMENT AND PIPING ASSOCIATED WITH BELOWGROUND STORAGE,249280.9280048102,3551,5.8,5.492065615319628,hazardous_liquid
20100001,2010,YES,NATURAL FORCE DAMAGE,35.67235,-99.27199,OK,173889,,MATERIAL OTHER THAN CARBON STEEL OR PLASTIC,1990,ONSHORE COMPRESSOR STATION EQUIPMENT AND PIPING,94473.476375535,956,4.4,5.938209205020921,gas
20190201,2019,NO,EQUIPMENT FAILURE,32.56314783,-99.78808901,TX,20065,,CARBON STEEL,UNKNOWN,ONSHORE PUMP/METER STATION EQUIPMENT AND PIPING,274536.837521931,0,0.0,0.0,hazardous_liquid
20110209,2011,NO,EQUIPMENT FAILURE,38.08131,-97.85245,KS,25030,,,,"ONSHORE PIPELINE, INCLUDING VALVE SITES",230280.61415470953,3551,5.8,5.492065615319628,hazardous_liquid
20170428,2017,NO,INCORRECT OPERATION,43.66692,-105.06688,WY,20000,,CARBON STEEL,2017,ONSHORE TERMINAL/TANK FARM EQUIPMENT AND PIPING,222134.00887368512,1110,4.0,0.008468468468468469,hazardous_liquid
20170273,2017,NO,EQUIPMENT FAILURE,43.629243,-83.98516,MI,11100,,MATERIAL OTHER THAN CARBON STEEL,2017,ONSHORE PUMP/METER STATION EQUIPMENT AND PIPING,1580069.9573280688,3,3.2,14.783333333333333,hazardous_liquid
20160237,2016,YES,NATURAL FORCE DAMAGE,30.542863,-91.191888,LA,2189705,,MATERIAL OTHER THAN CARBON STEEL,UNKNOWN,"ONSHORE PIPELINE, INCLUDING VALVE SITES",811130.0686965894,0,0.0,0.0,hazardous_liquid
20180280,2018,NO,EQUIPMENT FAILURE,34.87118,-105.93844,NM,776,,MATERIAL OTHER THAN CARBON STEEL,2006,"ONSHORE PIPELINE, INCLUDING VALVE SITES",16815.019051156032,0,0.0,0.0,hazardous_liquid
20250046,2025,NO,EQUIPMENT FAILURE,35.134508,-102.073448,TX,16174,,CARBON STEEL,1964,ONSHORE COMPRESSOR STATION EQUIPMENT AND PIPING,290158.24346546823,1,2.8,6.76,gas
20110237,2011,NO,OTHER ACCIDENT CAUSE,29.781516,-90.523835,LA,1586,,,,"ONSHORE PIPELINE, INCLUDING VALVE SITES",913675.8275695594,0,0.0,0.0,hazardous_liquid
20190053,2019,NO,INCORRECT OPERATION,32.01347,-102.016347,TX,76500,,CARBON STEEL,2019,ONSHORE PUMP/METER STATION EQUIPMENT AND PIPING,273339.39729856513,124,4.8,5.362785483870968,hazardous_liquid
20220222,2022,NO,EQUIPMENT FAILURE,38.352573,-91.323912,MO,25716,,MATERIAL OTHER THAN CARBON STEEL,2016,ONSHORE PUMP/METER STATION EQUIPMENT AND PIPING,743215.6818773854,702,5.0,4.994105413105413,hazardous_liquid
20150452,2015,NO,INCORRECT OPERATION,29.252008,-89.96813,LA,10000,,MATERIAL OTHER THAN CARBON STEEL,UNKNOWN,"ONSHORE BREAKOUT TANK OR STORAGE VESSEL, INCLUDING ATTACHED APPURTENANCES",992534.4210225177,0,0.0,0.0,hazardous_liquid
20120114,2012,YES,EQUIPMENT FAILURE,38.79106,-89.08415,IL,120400,,MATERIAL OTHER THAN CARBON STEEL,1975,"ONSHORE BREAKOUT TANK OR STORAGE VESSEL, INCLUDING ATTACHED APPURTENANCES",938159.240157448,3,3.3,8.93,hazardous_liquid
20180079,2018,YES,CORROSION FAILURE,28.46183333,-90.90866666,,1941653,16.0,CARBON STEEL,1983,"OFFSHORE PIPELINE, INCLUDING RISER AND RISER BEND",985451.4306390595,0,0.0,0.0,gas
20140008,2013,NO,EQUIPMENT FAILURE,39.908284,-108.294385,CO,21565,,CARBON STEEL,,"ONSHORE PIPELINE, INCLUDING VALVE SITES",98564.62068285917,5,4.1,4.228,gas
20120311,2012,YES,EXCAVATION DAMAGE,35.05097,-85.33488,TN,1285800,12.75,CARBON STEEL,1972,"ONSHORE PIPELINE, INCLUDING VALVE SITES",1184689.3048864808,1915,5.7,5.30116501305483,hazardous_liquid
20120364,2012,YES,OTHER ACCIDENT CAUSE,41.68411,-91.5701,IA,158100,,CARBON STEEL,1955,"ONSHORE BREAKOUT TANK OR STORAGE VESSEL, INCLUDING ATTACHED APPURTENANCES",891991.9522345983,3,3.2,14.783333333333333,hazardous_liquid
20130015,2012,YES,CORROSION FAILURE,37.05446,-96.18822,KS,1513925,8.625,CARBON STEEL,1940,"ONSHORE PIPELINE, INCLUDING VALVE SITES",322292.3789396524,2068,5.0,5.341645067698259,hazardous_liquid
20220024,2022,YES,EQUIPMENT FAILURE,40.1615089,-75.20029591,PA,151117,,CARBON STEEL,1970,"ONSHORE PIPELINE, INCLUDING VALVE SITES",2124516.845594101,9,3.4,8.94111111111111,gas
20160104,2016,YES,EQUIPMENT FAILURE,29.701113,-94.967825,TX,750,,CARBON STEEL,1992,"ONSHORE PIPELINE, INCLUDING VALVE SITES",638283.0526038082,20,3.3,4.765,hazardous_liquid
20210025,2021,NO,EQUIPMENT FAILURE,41.870188,-77.994192,PA,69008,,CARBON STEEL,UNKNOWN,"BELOWGROUND STORAGE, INCLUDING ASSOCIATED EQUIPMENT AND PIPING",1939308.2496125302,4,3.2,6.05,gas
20170006,2016,NO,INCORRECT OPERATION,29.79489,-95.28466,TX,3700,,CARBON STEEL,2013,ONSHORE TERMINAL/TANK FARM EQUIPMENT AND PIPING,614855.8257628432,33,4.3,4.595151515151516,hazardous_liquid
20190011,2019,NO,OTHER INCIDENT CAUSE,35.396594,-110.33538,AZ,26179,,CARBON STEEL,UNKNOWN,ONSHORE COMPRESSOR STATION EQUIPMENT AND PIPING,71259.92620058017,0,0.0,0.0,gas
20250184,2025,YES,OTHER ACCIDENT CAUSE,40.65098888,-74.11825,NJ,508505,,CARBON STEEL,1997,"ONSHORE BREAKOUT TANK OR STORAGE VESSEL, INCLUDING ATTACHED APPURTENANCES",2223953.572455993,78,3.9,8.06423076923077,hazardous_liquid
20210348,2021,NO,CORROSION FAILURE,29.88614,-95.37416,TX,10003,,CARBON STEEL,1966,ONSHORE PUMP/METER STATION EQUIPMENT AND PIPING,601940.5372100023,20,3.3,4.765,hazardous_liquid
20180234,2018,NO,EQUIPMENT FAILURE,31.816954,-106.208085,TX,750,,CARBON STEEL,2007,ONSHORE TERMINAL/TANK FARM EQUIPMENT AND PIPING,2131.541923029459,22,4.1,4.8999999999999995,hazardous_liquid
20220101,2022,YES,EQUIPMENT FAILURE,31.89391,-95.93882,TX,89776,,CARBON STEEL,2019,ONSHORE COMPRESSOR STATION EQUIPMENT AND PIPING,382165.57079548476,19,3.2,6.777894736842105,gas
20240144,2024,NO,EQUIPMENT FAILURE,42.538949,-88.634333,WI,95978,,MATERIAL OTHER THAN CARBON STEEL,2009,ONSHORE PUMP/METER STATION EQUIPMENT AND PIPING,1208169.9022548278,3,3.2,14.783333333333333,hazardous_liquid
20250256,2025,NO,EQUIPMENT FAILURE,30.855313,-100.658147,TX,40220,,MATERIAL OTHER THAN CARBON STEEL,2012,"ONSHORE PIPELINE, INCLUDING VALVE SITES",281323.2134085235,124,4.8,5.362785483870968,hazardous_liquid
20250132,2025,NO,EQUIPMENT FAILURE,42.045551,-94.045408,IA,47910,,MATERIAL OTHER THAN CARBON STEEL OR PLASTIC,UNKNOWN,ONSHORE COMPRESSOR STATION EQUIPMENT AND PIPING,749636.534407342,0,0.0,0.0,gas
20170007,2016,YES,EQUIPMENT FAILURE,32.8076,-104.4469,NM,10150,,CARBON STEEL,2011,ONSHORE PUMP/METER STATION EQUIPMENT AND PIPING,71912.98057572018,22,4.1,4.8999999999999995,hazardous_liquid
20170237,2017,NO,MATERIAL FAILURE OF PIPE OR WELD,30.173127,-90.787278,LA,40190,4.5,CARBON STEEL,UNKNOWN,ONSHORE EQUIPMENT AND PIPING ASSOCIATED WITH BELOWGROUND STORAGE,866872.2030571367,0,0.0,0.0,hazardous_liquid
20200035,2020,YES,CORROSION FAILURE,37.60554,-83.924567,KY,296363,8.0,CARBON STEEL,1990,"ONSHORE PIPELINE, INCLUDING VALVE SITES",1330908.1775460995,106,4.4,5.922216981132076,gas
20230309,2023,NO,INCORRECT OPERATION,30.033762,-94.042506,TX,31160,,CARBON STEEL,2023,ONSHORE PUMP/METER STATION EQUIPMENT AND PIPING,655342.8378805908,4,4.2,5.4375,hazardous_liquid
20160082,2016,YES,OTHER OUTSIDE FORCE DAMAGE,35.49622,-99.31138,OK,134545,,CARBON STEEL,UNKNOWN,"ONSHORE PIPELINE, INCLUDING VALVE SITES",80337.05185138223,0,0.0,0.0,gas
20160259,2016,YES,CORROSION FAILURE,32.06899,-96.47586,TX,773395,,CARBON STEEL,1952,"ONSHORE BREAKOUT TANK OR STORAGE VESSEL, INCLUDING ATTACHED APPURTENANCES",338780.7261675149,80,4.0,4.941625,hazardous_liquid
20110200,2011,YES,NATURAL FORCE DAMAGE,35.53639,-98.1025,OK,1778769,,CARBON STEEL,2010,ONSHORE REGULATOR/METERING STATION EQUIPMENT AND PIPING,90197.78913455924,79,3.91,6.363632911392405,gas
20150400,2015,NO,CORROSION FAILURE,29.7525,-95.20551,TX,32088,4.0,CARBON STEEL,UNKNOWN,ONSHORE TERMINAL/TANK FARM EQUIPMENT AND PIPING,622508.5806621603,20,3.3,4.765,hazardous_liquid
20210194,2021,NO,EQUIPMENT FAILURE,29.6121071,-95.186078,TX,7000,,MATERIAL OTHER THAN CARBON STEEL,2020,ONSHORE PUMP/METER STATION EQUIPMENT AND PIPING,637243.4864469396,1,2.9,3.12,hazardous_liquid
20170326,2017,NO,EQUIPMENT FAILURE,29.139714,-96.651611,TX,4958,,CARBON STEEL,2012,ONSHORE PUMP/METER STATION EQUIPMENT AND PIPING,637399.2813598849,1,2.9,3.12,hazardous_liquid
20180078,2018,NO,EQUIPMENT FAILURE,35.94646,-96.742705,OK,32231,,MATERIAL OTHER THAN CARBON STEEL,1980,"ONSHORE BREAKOUT TANK OR STORAGE VESSEL, INCLUDING ATTACHED APPURTENANCES",196571.06430900414,1915,5.7,5.30116501305483,hazardous_liquid
20160421,2016,YES,MATERIAL FAILURE OF PIPE OR WELD,32.473589,-94.718594,TX,1132000,,CARBON STEEL,2016,ONSHORE PUMP/METER STATION EQUIPMENT AND PIPING,414765.7647444958,1,4.2,4.75,hazardous_liquid
20210077,2021,YES,NATURAL FORCE DAMAGE,32.525843,-86.930114,AL,986778,,CARBON STEEL,1965,ONSHORE REGULATOR/METERING STATION EQUIPMENT AND PIPING,1081648.4899034752,65,3.6,5.786723076923077,gas
20160165,2016,NO,EQUIPMENT FAILURE,40.203877,-93.32611,MO,11047,,CARBON STEEL,UNKNOWN,"ONSHORE BREAKOUT TANK OR STORAGE VESSEL, INCLUDING ATTACHED APPURTENANCES",684022.0864418556,3,3.2,14.783333333333333,hazardous_liquid
20240096,2024,YES,EQUIPMENT FAILURE,31.274113,-103.071553,TX,1500306,,CARBON STEEL,1962,ONSHORE COMPRESSOR STATION EQUIPMENT AND PIPING,162666.37764897975,132,3.6,4.411969696969697,gas
20220094,2022,NO,EQUIPMENT FAILURE,39.697631,-81.490603,OH,27908,,CARBON STEEL,1998,ONSHORE REGULATOR/METERING STATION EQUIPMENT AND PIPING,1588038.200627849,4,2.61,7.955,gas
20120045,2012,NO,EQUIPMENT FAILURE,29.72536,-95.20334,TX,35005,,CARBON STEEL,UNKNOWN,ONSHORE TERMINAL/TANK FARM EQUIPMENT AND PIPING,625283.7098352078,20,3.3,4.765,hazardous_liquid
20120050,2011,YES,MATERIAL FAILURE OF PIPE OR WELD,37.09505,-96.62083,KS,276360,10.75,CARBON STEEL,1964,"ONSHORE PIPELINE, INCLUDING VALVE SITES",305868.87748600706,815,4.5,5.42956809815951,gas
20170103,2017,YES,EQUIPMENT FAILURE,39.64002778,-79.28568889,MD,300002,,CARBON STEEL,1975,"BELOWGROUND STORAGE, INCLUDING ASSOCIATED EQUIPMENT AND PIPING",1770487.3838026335,2,2.61,15.91,gas
20190366,2019,NO,INCORRECT OPERATION,32.809162,-97.101011,TX,3710,,CARBON STEEL,UNKNOWN,ONSHORE TERMINAL/TANK FARM EQUIPMENT AND PIPING,238589.91670205185,1915,5.7,5.30116501305483,hazardous_liquid
20160097,2016,NO,EQUIPMENT FAILURE,31.79747,-94.14222,TX,7230,,CARBON STEEL,2014,ONSHORE TERMINAL/TANK FARM EQUIPMENT AND PIPING,504406.8313981557,4,4.2,5.4375,hazardous_liquid
20130231,2013,NO,EQUIPMENT FAILURE,40.16005,-110.077696,UT,73569,,MATERIAL OTHER THAN CARBON STEEL,1972,ONSHORE PUMP/METER STATION EQUIPMENT AND PIPING,7683.947785477855,27,4.03,7.651111111111112,hazardous_liquid
20140270,2014,NO,EQUIPMENT FAILURE,42.05679,-88.49732,IL,39300,,,,ONSHORE PUMP/METER STATION EQUIPMENT AND PIPING,1180552.944534336,3,3.2,14.783333333333333,hazardous_liquid
20140114,2014,NO,CORROSION FAILURE,34.55773,-97.37179,OK,29000,,,,"ONSHORE PIPELINE, INCLUDING VALVE SITES",86556.34218852367,1915,5.7,5.30116501305483,hazardous_liquid
20150118,2015,YES,EQUIPMENT FAILURE,48.990292,-97.059182,MN,690430,,CARBON STEEL,1972,"ONSHORE PIPELINE, INCLUDING VALVE SITES",570672.7495602949,0,0.0,0.0,gas
20190055,2019,YES,INCORRECT OPERATION,30.318016,-91.309608,LA,381884,,CARBON STEEL,1996,ONSHORE PUMP/METER STATION EQUIPMENT AND PIPING,817350.2407823675,1,4.2,4.75,hazardous_liquid
20240015,2023,NO,CORROSION FAILURE,31.9683,-102.0197,TX,28160,10.0,CARBON STEEL,1998,"ONSHORE PIPELINE, INCLUDING VALVE SITES",268765.9498234498,124,4.8,5.362785483870968,hazardous_liquid
20110302,2011,NO,EQUIPMENT FAILURE,39.03543,-84.69089,KY,0,,,,ONSHORE PUMP/METER STATION EQUIPMENT AND PIPING,1302706.152729606,78,3.9,8.06423076923077,hazardous_liquid
20120317,2012,YES,NATURAL FORCE DAMAGE,29.726669,-90.592643,LA,322649,,CARBON STEEL,1963,"ONSHORE BREAKOUT TANK OR STORAGE VESSEL, INCLUDING ATTACHED APPURTENANCES",912336.0029445352,0,0.0,0.0,hazardous_liquid
20120095,2012,YES,CORROSION FAILURE,29.615,-88.7753333,,444913,16.0,CARBON STEEL,1970,"OFFSHORE PIPELINE, INCLUDING RISER AND RISER BEND",1060479.980528585,0,0.0,0.0,gas
20130058,2013,NO,NATURAL FORCE DAMAGE,36.03403,-87.94348,TN,45000,,,,ONSHORE PUMP/METER STATION EQUIPMENT AND PIPING,951637.7716975977,1915,5.7,5.30116501305483,hazardous_liquid
20170233,2017,YES,INCORRECT OPERATION,38.847721,-77.275719,VA,163718,,CARBON STEEL,1964,ONSHORE TERMINAL/TANK FARM EQUIPMENT AND PIPING,1926941.2569232325,78,3.9,8.06423076923077,hazardous_liquid
20240156,2024,NO,CORROSION FAILURE,31.37889,-103.5544,TX,60112,6.625,CARBON STEEL,2019,"ONSHORE PIPELINE, INCLUDING VALVE SITES",111733.6525231612,289,3.9,5.003940138408304,hazardous_liquid
20200169,2020,NO,EQUIPMENT FAILURE,39.483,-108.11315,CO,1276,,CARBON STEEL,2008,ONSHORE PUMP/METER STATION EQUIPMENT AND PIPING,64196.9205718264,27,4.03,7.651111111111112,hazardous_liquid
20150341,2015,YES,CORROSION FAILURE,36.800991,-96.642259,OK,10065,8.625,CARBON STEEL,2013,"ONSHORE PIPELINE, INCLUDING VALVE SITES",277811.82647290075,2068,5.0,5.341645067698259,hazardous_liquid
20130140,2013,NO,OTHER ACCIDENT CAUSE,29.87727,-93.95604,TX,23780,,CARBON STEEL,1947,"ONSHORE PIPELINE, INCLUDING VALVE SITES",674261.935758353,20,3.3,4.765,hazardous_liquid
20180115,2018,YES,EXCAVATION DAMAGE,35.3243,-97.6122,OK,108368,12.0,CARBON STEEL,1960,"ONSHORE PIPELINE, INCLUDING VALVE SITES",92603.56410240926,137,4.4,5.998131386861314,gas
20230035,2023,NO,EQUIPMENT FAILURE,44.991869,-108.867111,WY,49559,,CARBON STEEL,1981,ONSHORE COMPRESSOR STATION EQUIPMENT AND PIPING,102049.13792011948,0,0.0,0.0,gas
20210200,2021,YES,EQUIPMENT FAILURE,29.993276,-93.985776,TX,113769,,CARBON STEEL,UNKNOWN,ONSHORE PUMP/METER STATION EQUIPMENT AND PIPING,662208.44658803,4,4.2,5.4375,hazardous_liquid
20130383,2013,YES,INCORRECT OPERATION,40.588583,-74.21558,NJ,1520,,CARBON STEEL,,ONSHORE TERMINAL/TANK FARM EQUIPMENT AND PIPING,2214695.2079297933,78,3.9,8.06423076923077,hazardous_liquid
20170104,2017,YES,EQUIPMENT FAILURE,28.43055,-91.034387,,168567,,CARBON STEEL,1992,"OFFSHORE PIPELINE, INCLUDING RISER AND RISER BEND",979560.3824868789,0,0.0,0.0,gas
20140005,2013,YES,CORROSION FAILURE,33.31601,-96.19278,TX,132000,8.0,CARBON STEEL,1960,"ONSHORE PIPELINE, INCLUDING VALVE SITES",248630.73538624463,1915,5.7,5.30116501305483,hazardous_liquid
20240003,2023,YES,EQUIPMENT FAILURE,38.070902,-98.920095,KS,109813,,MATERIAL OTHER THAN CARBON STEEL OR PLASTIC,2015,ONSHORE COMPRESSOR STATION EQUIPMENT AND PIPING,146564.0103622469,1,2.8,5.0,gas
20180352,2018,NO,CORROSION FAILURE,35.947101,-96.753007,OK,31700,12.0,CARBON STEEL,1999,ONSHORE TERMINAL/TANK FARM EQUIPMENT AND PIPING,196529.28565640666,1915,5.7,5.30116501305483,hazardous_liquid
20140104,2014,YES,EXCAVATION DAMAGE,42.805796,-93.295988,IA,101477,4.0,CARBON STEEL,1961,"ONSHORE PIPELINE, INCLUDING VALVE SITES",852338.0172392005,0,0.0,0.0,gas
20130406,2013,NO,EQUIPMENT FAILURE,27.839803,-97.531604,TX,5615,,,,"ONSHORE PIPELINE, INCLUDING VALVE SITES",571590.9687045236,1,3.9,5.0,hazardous_liquid
20150139,2015,YES,EXCAVATION DAMAGE,38.5140764,-121.89085311,CA,300000,6.0,CARBON STEEL,1949,"ONSHORE PIPELINE, INCLUDING VALVE SITES",15077.009172242302,46,4.09,12.233304347826087,gas
20180054,2018,NO,NATURAL FORCE DAMAGE,29.72342,-95.22797,TX,2780,,CARBON STEEL,2017,ONSHORE TERMINAL/TANK FARM EQUIPMENT AND PIPING,624397.9703962036,33,4.3,4.595151515151516,hazardous_liquid
20200225,2020,NO,INCORRECT OPERATION,31.526967,-102.9704409,TX,101,,CARBON STEEL,2016,ONSHORE PUMP/METER STATION EQUIPMENT AND PIPING,191922.6612998668,289,3.9,5.003940138408304,hazardous_liquid
20190039,2019,NO,INCORRECT OPERATION,29.82582,-93.951877,TX,67537,,CARBON STEEL,2014,ONSHORE TERMINAL/TANK FARM EQUIPMENT AND PIPING,679110.0443742959,20,3.3,4.765,hazardous_liquid
20150046,2015,YES,EQUIPMENT FAILURE,29.98266,-94.06191,TX,670000,,CARBON STEEL,2014,"ONSHORE PIPELINE, INCLUDING VALVE SITES",658798.6395422172,20,3.3,4.765,hazardous_liquid
20150394,2015,YES,EQUIPMENT FAILURE,47.732308,-103.743398,ND,375131,,CARBON STEEL,2014,ONSHORE PUMP/METER STATION EQUIPMENT AND PIPING,93257.06317453095,955,3.9,0.038418848167539266,hazardous_liquid
20150290,2015,YES,INCORRECT OPERATION,42.133334,-104.425221,WY,296722,,CARBON STEEL,2014,ONSHORE TERMINAL/TANK FARM EQUIPMENT AND PIPING,242137.03185596323,3,3.2,14.783333333333333,hazardous_liquid
20190048,2019,NO,OTHER OUTSIDE FORCE DAMAGE,38.661338,-90.289564,MO,62786,,CARBON STEEL,1951,"ONSHORE PIPELINE, INCLUDING VALVE SITES",838517.0273582954,95,4.4,6.0058842105263155,gas
20260048,2026,NO,CORROSION FAILURE,31.3768881,-103.5559152,TX,4618,6.625,CARBON STEEL,2019,"ONSHORE PIPELINE, INCLUDING VALVE SITES",111614.05716464359,289,3.9,5.003940138408304,hazardous_liquid
20150126,2015,NO,EQUIPMENT FAILURE,26.592994,-99.086805,TX,44544,,CARBON STEEL,2014,ONSHORE COMPRESSOR STATION EQUIPMENT AND PIPING,498189.73058863945,0,0.0,0.0,gas
20220285,2022,NO,MATERIAL FAILURE OF PIPE OR WELD,47.79928474,-102.923979,ND,32355,,CARBON STEEL,2021,ONSHORE PUMP/METER STATION EQUIPMENT AND PIPING,143348.37616901367,1,3.3,5.0,hazardous_liquid
20230067,2023,NO,EQUIPMENT FAILURE,32.236127,-93.660169,LA,8684,,CARBON STEEL,UNKNOWN,ONSHORE COMPRESSOR STATION EQUIPMENT AND PIPING,511053.81251813436,19,3.2,6.777894736842105,gas
20100028,2010,YES,CORROSION FAILURE,28.32,-91.59,,410000,16.0,CARBON STEEL,1978,"OFFSHORE PIPELINE, INCLUDING RISER AND RISER BEND",952610.7867534852,0,0.0,0.0,gas
20260027,2026,NO,NATURAL FORCE DAMAGE,41.666333,-83.472217,OH,30175,,CARBON STEEL,2019,ONSHORE PUMP/METER STATION EQUIPMENT AND PIPING,1507485.6127526509,3,3.3,8.93,hazardous_liquid
20140339,2014,NO,EQUIPMENT FAILURE,29.73064,-95.20349,TX,8000,,CARBON STEEL,2009,"ONSHORE BREAKOUT TANK OR STORAGE VESSEL, INCLUDING ATTACHED APPURTENANCES",624755.5948104053,20,3.3,4.765,hazardous_liquid
20100237,2010,NO,EQUIPMENT FAILURE,32.47831,-94.868,TX,3982,,,,ONSHORE PUMP/METER STATION EQUIPMENT AND PIPING,403423.32196956914,0,0.0,0.0,hazardous_liquid
20230060,2023,NO,EQUIPMENT FAILURE,33.254259,-99.200372,TX,63450,,CARBON STEEL,UNKNOWN,ONSHORE EQUIPMENT AND PIPING ASSOCIATED WITH BELOWGROUND STORAGE,183004.63504135335,4,2.8,5.7975,hazardous_liquid
20220053,2022,NO,NATURAL FORCE DAMAGE,40.556854,-74.413285,NJ,39633,,CARBON STEEL,1974,"ONSHORE PIPELINE, INCLUDING VALVE SITES",2197603.2230445477,78,3.9,8.06423076923077,hazardous_liquid
20110267,2011,YES,CORROSION FAILURE,40.167092,-81.613094,OH,293179,8.625,CARBON STEEL,1954,"ONSHORE PIPELINE, INCLUDING VALVE SITES",1592401.4253490206,228,4.4,5.585815789473684,gas
20220118,2022,YES,EQUIPMENT FAILURE,29.674861,-98.022913,TX,30650,8.0,PLASTIC,2021,"ONSHORE PIPELINE, INCLUDING VALVE SITES",559991.5383017381,1,2.9,3.12,gas
20200140,2020,YES,CORROSION FAILURE,34.98271439,-89.64496116,MS,947294,30.0,CARBON STEEL,1984,ONSHORE TERMINAL/TANK FARM EQUIPMENT AND PIPING,791553.0892112562,1915,5.7,5.30116501305483,hazardous_liquid
20240085,2024,NO,EQUIPMENT FAILURE,39.36474,-93.45982,MO,3756,,MATERIAL OTHER THAN CARBON STEEL,UNKNOWN,ONSHORE TERMINAL/TANK FARM EQUIPMENT AND PIPING,672126.4341874438,3551,5.8,5.492065615319628,hazardous_liquid
20100036,2010,NO,EQUIPMENT FAILURE,39.13776,-94.5968,KS,1514,,MATERIAL OTHER THAN CARBON STEEL,,"ONSHORE BREAKOUT TANK OR STORAGE VESSEL, INCLUDING ATTACHED APPURTENANCES",591451.1453823757,3551,5.8,5.492065615319628,hazardous_liquid
20240040,2024,NO,NATURAL FORCE DAMAGE,31.87572,-103.95883,TX,31192,,CARBON STEEL,2023,"ONSHORE PIPELINE, INCLUDING VALVE SITES",84755.38403214996,289,3.9,5.003940138408304,hazardous_liquid
20150407,2015,YES,CORROSION FAILURE,32.021937,-102.016177,TX,75117,16.0,CARBON STEEL,1972,ONSHORE TERMINAL/TANK FARM EQUIPMENT AND PIPING,274178.30594206974,124,4.8,5.362785483870968,hazardous_liquid
20130402,2013,NO,INCORRECT OPERATION,32.079424,-103.178079,NM,7025,,CARBON STEEL,UNKNOWN,ONSHORE PUMP/METER STATION EQUIPMENT AND PIPING,160768.9362118685,289,3.9,5.003940138408304,hazardous_liquid
20220278,2022,YES,EQUIPMENT FAILURE,46.812296,-109.765009,MT,137766,,CARBON STEEL,2019,ONSHORE PUMP/METER STATION EQUIPMENT AND PIPING,93755.84054012687,6,3.1,6.461666666666667,hazardous_liquid
20240281,2024,NO,CORROSION FAILURE,30.140718,-94.398944,TX,20500,12.0,CARBON STEEL,1931,ONSHORE PUMP/METER STATION EQUIPMENT AND PIPING,625668.1606309424,46,4.3,4.765,hazardous_liquid
20190067,2019,NO,EQUIPMENT FAILURE,40.534541,-74.260949,NJ,9100,,CARBON STEEL,2014,ONSHORE TERMINAL/TANK FARM EQUIPMENT AND PIPING,2209931.123586426,78,3.9,8.06423076923077,hazardous_liquid
20140128,2014,NO,EQUIPMENT FAILURE,41.507105,-87.452478,IN,4276,,,,ONSHORE TERMINAL/TANK FARM EQUIPMENT AND PIPING,1211975.6475217983,3,3.2,14.783333333333333,hazardous_liquid
20200072,2020,NO,INCORRECT OPERATION,31.5265,-103.5597,TX,4100,,CARBON STEEL,UNKNOWN,ONSHORE PUMP/METER STATION EQUIPMENT AND PIPING,110696.5008113804,289,3.9,5.003940138408304,hazardous_liquid
20120089,2012,YES,OTHER OUTSIDE FORCE DAMAGE,30.49358055,-91.19684722,LA,96700,10.0,CARBON STEEL,1949,"ONSHORE PIPELINE, INCLUDING VALVE SITES",814021.3860879868,0,0.0,0.0,gas
20100066,2010,YES,EXCAVATION DAMAGE,29.2564,-89.1883,LA,13933600,10.0,CARBON STEEL,1964,"ONSHORE PIPELINE, INCLUDING VALVE SITES",1051487.8701285238,0,0.0,0.0,hazardous_liquid
20150127,2015,YES,EQUIPMENT FAILURE,41.299079,-87.744857,IL,331600,,MATERIAL OTHER THAN CARBON STEEL,UNKNOWN,ONSHORE PUMP/METER STATION EQUIPMENT AND PIPING,1178702.6010809995,3,3.2,14.783333333333333,hazardous_liquid
20150090,2015,NO,MATERIAL FAILURE OF PIPE OR WELD,32.73570026,-91.8966339,LA,73395,26.0,CARBON STEEL,1948,"ONSHORE PIPELINE, INCLUDING VALVE SITES",632303.220726716,13,3.5,4.992307692307692,gas
20110025,2010,YES,CORROSION FAILURE,33.863333,-118.163889,CA,860700,16.0,CARBON STEEL,1935,ONSHORE TERMINAL/TANK FARM EQUIPMENT AND PIPING,12850.112102531099,314,4.8,9.119977707006369,hazardous_liquid
20100103,2010,YES,EQUIPMENT FAILURE,32.35381,-91.83791,LA,284912,,CARBON STEEL,2010,"ONSHORE PIPELINE, INCLUDING VALVE SITES",654386.5732870606,19,3.2,6.777894736842105,gas
20160006,2015,NO,CORROSION FAILURE,32.53021,-100.83544,TX,23600,,CARBON STEEL,1950,ONSHORE TERMINAL/TANK FARM EQUIPMENT AND PIPING,324152.7277710372,72,4.3,4.587083333333333,hazardous_liquid
20240169,2024,NO,EQUIPMENT FAILURE,48.22885,-101.36906,ND,9640,,CARBON STEEL,UNKNOWN,ONSHORE PUMP/METER STATION EQUIPMENT AND PIPING,249114.03860660028,1,3.3,5.0,hazardous_liquid
20150039,2015,NO,CORROSION FAILURE,29.774558,-92.999676,LA,75154,,CARBON STEEL,1977,ONSHORE COMPRESSOR STATION EQUIPMENT AND PIPING,740859.5381808594,0,0.0,0.0,gas
20180375,2018,YES,OTHER OUTSIDE FORCE DAMAGE,32.4045947,-102.185039,TX,173000,,CARBON STEEL,2016,ONSHORE PUMP/METER STATION EQUIPMENT AND PIPING,260995.7541330911,289,3.9,5.003940138408304,hazardous_liquid
20240240,2024,NO,CORROSION FAILURE,29.747946,-95.200645,TX,16470,12.0,CARBON STEEL,1955,ONSHORE TERMINAL/TANK FARM EQUIPMENT AND PIPING,623172.3172647132,20,3.3,4.765,hazardous_liquid
20110172,2011,YES,INCORRECT OPERATION,40.706216,-84.1146149,OH,178010,22.0,CARBON STEEL,1952,"ONSHORE PIPELINE, INCLUDING VALVE SITES",1413888.9880573666,78,3.9,8.06423076923077,hazardous_liquid
20120083,2012,YES,CORROSION FAILURE,30.239319,-93.268658,LA,825050,,CARBON STEEL,1970,"ONSHORE BREAKOUT TANK OR STORAGE VESSEL, INCLUDING ATTACHED APPURTENANCES",685104.4674740959,4,4.2,5.4375,hazardous_liquid
20210216,2021,NO,CORROSION FAILURE,35.958902,-96.753343,OK,26255,24.0,CARBON STEEL,UNKNOWN,ONSHORE TERMINAL/TANK FARM EQUIPMENT AND PIPING,197410.06149344658,2068,5.0,5.341645067698259,hazardous_liquid
20160033,2016,YES,MATERIAL FAILURE OF PIPE OR WELD,40.345787,-81.497545,OH,115550,,CARBON STEEL,1957,"ONSHORE PIPELINE, INCLUDING VALVE SITES",1607682.602780786,0,0.0,0.0,gas
20250131,2025,YES,EQUIPMENT FAILURE,39.757019,-108.152416,CO,236001,,CARBON STEEL,2008,"ONSHORE PIPELINE, INCLUDING VALVE SITES",75494.36977863872,14,3.75,5.909285714285715,hazardous_liquid
20170285,2017,NO,INCORRECT OPERATION,32.75599,-102.719168,TX,20600,,MATERIAL OTHER THAN CARBON STEEL,2015,ONSHORE PUMP/METER STATION EQUIPMENT AND PIPING,225635.28707334577,11,3.3,4.826363636363637,hazardous_liquid
20250079,2025,YES,CORROSION FAILURE,44.26425619,-84.23518588,MI,211832,16.0,CARBON STEEL,1964,"ONSHORE PIPELINE, INCLUDING VALVE SITES",1604410.2230812723,137,4.4,5.998131386861314,gas
20180084,2017,YES,EQUIPMENT FAILURE,47.26967,-98.02783,ND,161302,,CARBON STEEL,1991,"ONSHORE PIPELINE, INCLUDING VALVE SITES",513515.9715138897,1,3.3,5.0,hazardous_liquid
20160209,2016,NO,EQUIPMENT FAILURE,40.770458,-81.410174,OH,6402,,CARBON STEEL,UNKNOWN,ONSHORE PUMP/METER STATION EQUIPMENT AND PIPING,1629467.3803005302,78,3.9,8.06423076923077,hazardous_liquid
20160373,2016,NO,OTHER ACCIDENT CAUSE,33.805501,-98.571215,TX,18505,8.625,CARBON STEEL,UNKNOWN,"ONSHORE PIPELINE, INCLUDING VALVE SITES",106712.1183069062,3299,5.8,5.651424067899363,hazardous_liquid
20110185,2011,NO,EQUIPMENT FAILURE,32.06456,-96.86533,TX,2065,,,,ONSHORE PUMP/METER STATION EQUIPMENT AND PIPING,322650.75617949304,67,4.3,4.717611940298507,hazardous_liquid
20220069,2022,YES,EQUIPMENT FAILURE,28.31616,-91.90833,,520184,,CARBON STEEL,2007,"OFFSHORE PIPELINE, INCLUDING RISER AND RISER BEND",933049.9522700754,0,0.0,0.0,gas
20210096,2021,YES,CORROSION FAILURE,34.237801,-97.493738,OK,57800,4.5,CARBON STEEL,UNKNOWN,ONSHORE PUMP/METER STATION EQUIPMENT AND PIPING,90747.12065717943,1915,5.7,5.30116501305483,hazardous_liquid
20160337,2016,NO,EQUIPMENT FAILURE,30.61829,-94.97073,TX,19000,,CARBON STEEL,2012,"ONSHORE BREAKOUT TANK OR STORAGE VESSEL, INCLUDING ATTACHED APPURTENANCES",550979.1958027493,46,4.3,4.765,hazardous_liquid
20170413,2017,YES,CORROSION FAILURE,38.0952582,-98.5821395,KS,78223,12.0,CARBON STEEL,2012,ONSHORE PUMP/METER STATION EQUIPMENT AND PIPING,173055.28589747014,3551,5.8,5.492065615319628,hazardous_liquid
20210038,2021,NO,INCORRECT OPERATION,35.3914,-98.4758,OK,61818,,CARBON STEEL,UNKNOWN,ONSHORE COMPRESSOR STATION EQUIPMENT AND PIPING,60852.54719115424,68,3.4,6.480308823529412,gas
20180268,2018,NO,EQUIPMENT FAILURE,28.776861,-99.249762,TX,40020,,CARBON STEEL,2017,ONSHORE PUMP/METER STATION EQUIPMENT AND PIPING,383049.19088707125,124,4.8,5.362785483870968,hazardous_liquid
20120035,2012,NO,EQUIPMENT FAILURE,34.521102,-96.623514,OK,33,,MATERIAL OTHER THAN CARBON STEEL,2010,ONSHORE PUMP/METER STATION EQUIPMENT AND PIPING,154926.22844543518,1915,5.7,5.30116501305483,hazardous_liquid
20190225,2019,NO,NATURAL FORCE DAMAGE,33.152138,-101.37279,TX,8695,,MATERIAL OTHER THAN CARBON STEEL,UNKNOWN,ONSHORE PUMP/METER STATION EQUIPMENT AND PIPING,307150.1662420638,72,4.3,4.587083333333333,hazardous_liquid
20120374,2012,YES,MATERIAL FAILURE OF PIPE OR WELD,40.621988,-97.549726,NE,933000,8.0,CARBON STEEL,1965,"ONSHORE PIPELINE, INCLUDING VALVE SITES",437343.74033603905,14,3.3,4.692142857142857,hazardous_liquid
20110246,2011,YES,EQUIPMENT FAILURE,34.27734,-96.52176,OK,267,,,,"ONSHORE PIPELINE, INCLUDING VALVE SITES",170061.90865732433,1915,5.7,5.30116501305483,hazardous_liquid
20160336,2016,NO,EQUIPMENT FAILURE,40.803479,-84.802507,IN,16575,,MATERIAL OTHER THAN CARBON STEEL,2015,"ONSHORE PIPELINE, INCLUDING VALVE SITES",1365461.3587547592,3,3.3,8.93,hazardous_liquid
20170381,2017,YES,INCORRECT OPERATION,29.604286,-95.131222,TX,2200,,CARBON STEEL,2017,"ONSHORE PIPELINE, INCLUDING VALVE SITES",640411.1435733307,33,4.3,4.595151515151516,hazardous_liquid
20100084,2010,NO,OTHER OUTSIDE FORCE DAMAGE,46.851256,-102.770368,ND,11170,,CARBON STEEL,1995,ONSHORE PUMP/METER STATION EQUIPMENT AND PIPING,214202.33816947992,0,0.0,0.0,hazardous_liquid
20160385,2016,NO,EQUIPMENT FAILURE,47.324386,-93.762975,MN,16572,,CARBON STEEL,2002,ONSHORE PUMP/METER STATION EQUIPMENT AND PIPING,826969.0861591883,1,3.3,5.0,hazardous_liquid
20180225,2018,NO,EQUIPMENT FAILURE,35.843945,-98.243177,OK,5798,,CARBON STEEL,2018,"ONSHORE BREAKOUT TANK OR STORAGE VESSEL, INCLUDING ATTACHED APPURTENANCES",117658.91160082938,2068,5.0,5.341645067698259,hazardous_liquid
20150032,2015,NO,NATURAL FORCE DAMAGE,33.3949,-91.0185,MS,25187,,CARBON STEEL,1966,ONSHORE COMPRESSOR STATION EQUIPMENT AND PIPING,687534.8379030565,41,4.1,4.865317073170732,gas
20110314,2011,NO,EQUIPMENT FAILURE,30.5471,-91.1703,LA,6140,,,,ONSHORE TERMINAL/TANK FARM EQUIPMENT AND PIPING,812513.5079334744,0,0.0,0.0,hazardous_liquid
20170251,2017,YES,EXCAVATION DAMAGE,29.32114,-89.78005,LA,475040,12.75,CARBON STEEL,UNKNOWN,"ONSHORE PIPELINE, INCLUDING VALVE SITES",1001830.3800863903,0,0.0,0.0,hazardous_liquid
20210021,2020,YES,EQUIPMENT FAILURE,35.308966,-94.393035,AR,1347000,,MATERIAL OTHER THAN CARBON STEEL,2016,ONSHORE PUMP/METER STATION EQUIPMENT AND PIPING,362322.3378192899,1915,5.7,5.30116501305483,hazardous_liquid
20150057,2015,NO,EQUIPMENT FAILURE,39.849005,-75.502586,PA,28075,,MATERIAL OTHER THAN CARBON STEEL,2012,ONSHORE PUMP/METER STATION EQUIPMENT AND PIPING,2093662.3935072883,78,3.9,8.06423076923077,hazardous_liquid
20160138,2016,YES,MATERIAL FAILURE OF PIPE OR WELD,33.6594,-85.4649,AL,1776600,36.0,CARBON STEEL,1961,"ONSHORE PIPELINE, INCLUDING VALVE SITES",1187804.0437364734,1915,5.7,5.30116501305483,hazardous_liquid
20250109,2025,YES,EQUIPMENT FAILURE,33.6480254,-85.51422403,AL,149437,,CARBON STEEL,1967,ONSHORE PUMP/METER STATION EQUIPMENT AND PIPING,1183492.039116053,1915,5.7,5.30116501305483,hazardous_liquid
20170363,2017,NO,EQUIPMENT FAILURE,37.332321,-120.574568,CA,3217,,MATERIAL OTHER THAN CARBON STEEL,1984,ONSHORE TERMINAL/TANK FARM EQUIPMENT AND PIPING,50715.41912567903,616,6.02,8.77463474025974,hazardous_liquid
20150355,2015,YES,OTHER OUTSIDE FORCE DAMAGE,40.010475,-92.567084,MO,103770,8.0,CARBON STEEL,UNKNOWN,"ONSHORE PIPELINE, INCLUDING VALVE SITES",776657.0620234492,3,3.2,14.783333333333333,hazardous_liquid
20250129,2025,YES,CORROSION FAILURE,29.46676,-89.0501,,418297,16.0,CARBON STEEL,1969,"OFFSHORE PIPELINE, INCLUDING RISER AND RISER BEND",1048277.3622861363,1,3.0,0.4,gas
20180316,2018,NO,EQUIPMENT FAILURE,29.901161,-94.004656,TX,5837,,CARBON STEEL,2009,ONSHORE PUMP/METER STATION EQUIPMENT AND PIPING,669355.6139795146,20,3.3,4.765,hazardous_liquid
20210084,2021,YES,EQUIPMENT FAILURE,41.85353319,-78.00097537,PA,303063,,CARBON STEEL,2006,ONSHORE COMPRESSOR STATION EQUIPMENT AND PIPING,1938215.040459681,4,3.2,6.05,gas
20150015,2015,NO,EQUIPMENT FAILURE,35.160338,-118.80415,CA,19000,,CARBON STEEL,2014,"ONSHORE PIPELINE, INCLUDING VALVE SITES",802.9393584332352,79,3.82,8.41718987341772,gas
20180330,2018,NO,NATURAL FORCE DAMAGE,27.82775,-97.19518,TX,10907,,CARBON STEEL,1981,"ONSHORE BREAKOUT TANK OR STORAGE VESSEL, INCLUDING ATTACHED APPURTENANCES",603631.7591784889,1,3.9,5.0,hazardous_liquid
20200111,2020,NO,CORROSION FAILURE,35.05453,-119.31498,CA,33950,24.0,CARBON STEEL,1990,ONSHORE TERMINAL/TANK FARM EQUIPMENT AND PIPING,10978.36282725917,314,4.8,9.119977707006369,hazardous_liquid
20120156,2012,NO,INCORRECT OPERATION,27.83125,-97.51745,TX,9140,,MATERIAL OTHER THAN CARBON STEEL,,ONSHORE PUMP/METER STATION EQUIPMENT AND PIPING,573207.1597466641,1,3.9,5.0,hazardous_liquid
20190147,2019,NO,EQUIPMENT FAILURE,33.96455,-104.58069,NM,373,,CARBON STEEL,2015,ONSHORE PUMP/METER STATION EQUIPMENT AND PIPING,165819.38917753898,0,0.0,0.0,hazardous_liquid
20240112,2024,YES,CORROSION FAILURE,32.373976,-93.341737,LA,146099,8.0,CARBON STEEL,1966,"ONSHORE PIPELINE, INCLUDING VALVE SITES",528247.4816140274,19,3.2,6.777894736842105,gas
20230293,2023,NO,EQUIPMENT FAILURE,37.629156,-100.981269,KS,2340,,MATERIAL OTHER THAN CARBON STEEL,UNKNOWN,ONSHORE TERMINAL/TANK FARM EQUIPMENT AND PIPING,72146.41729308861,0,0.0,0.0,hazardous_liquid
20250231,2025,NO,OTHER ACCIDENT CAUSE,34.8978333,-97.7581944,OK,25800,8.0,CARBON STEEL,2015,"ONSHORE PIPELINE, INCLUDING VALVE SITES",53297.79621331113,3299,5.8,5.651424067899363,hazardous_liquid
20100155,2010,NO,CORROSION FAILURE,32.53275,-100.82947,TX,22412,,,,ONSHORE TERMINAL/TANK FARM EQUIPMENT AND PIPING,323600.21266936045,3,2.8,5.583333333333333,hazardous_liquid
20160036,2016,NO,CORROSION FAILURE,35.94498,-96.74822,OK,20511,30.0,CARBON STEEL,1976,ONSHORE TERMINAL/TANK FARM EQUIPMENT AND PIPING,196097.6184774313,1915,5.7,5.30116501305483,hazardous_liquid
20170054,2017,YES,EQUIPMENT FAILURE,28.9208333,-93.0316666,,182700,,CARBON STEEL,1978,"OFFSHORE PLATFORM, INCLUDING PLATFORM-MOUNTED EQUIPMENT AND PIPING",812821.0837732641,0,0.0,0.0,gas
20170159,2017,YES,CORROSION FAILURE,28.526011,-99.223482,TX,142000,36.0,CARBON STEEL,2015,ONSHORE TERMINAL/TANK FARM EQUIPMENT AND PIPING,391083.4920786125,2,2.6,8.375,hazardous_liquid
20110370,2011,YES,OTHER ACCIDENT CAUSE,29.26536,-88.77223,,2000010,10.625,CARBON STEEL,1971,"OFFSHORE PIPELINE, INCLUDING RISER AND RISER BEND",1083233.409816371,0,0.0,0.0,hazardous_liquid
20200331,2020,NO,EXCAVATION DAMAGE,42.8288595,-96.4060063,IA,45000,6.0,CARBON STEEL,1941,"ONSHORE PIPELINE, INCLUDING VALVE SITES",696243.0633784328,14,3.3,4.692142857142857,hazardous_liquid
20230250,2023,NO,INCORRECT OPERATION,31.88904914,-103.9569153,TX,25900,,MATERIAL OTHER THAN CARBON STEEL,2016,ONSHORE TERMINAL/TANK FARM EQUIPMENT AND PIPING,85679.14115226406,289,3.9,5.003940138408304,hazardous_liquid
20150020,2015,NO,EQUIPMENT FAILURE,31.326623,-90.044664,MS,26850,,CARBON STEEL,2014,ONSHORE REGULATOR/METERING STATION EQUIPMENT AND PIPING,857259.4771204186,116,3.4,6.249801724137931,gas
20210215,2021,NO,EQUIPMENT FAILURE,40.519369,-75.53421,PA,15816,,MATERIAL OTHER THAN CARBON STEEL,2021,ONSHORE PUMP/METER STATION EQUIPMENT AND PIPING,2103361.3577432344,78,3.9,8.06423076923077,hazardous_liquid
20250074,2025,YES,CORROSION FAILURE,42.06016,-78.69097,NY,1340817,6.0,CARBON STEEL,1966,"ONSHORE PIPELINE, INCLUDING VALVE SITES",1891092.2900392406,0,0.0,0.0,gas
20150024,2014,YES,EQUIPMENT FAILURE,29.73064,-95.20349,TX,69000,,CARBON STEEL,1955,ONSHORE TERMINAL/TANK FARM EQUIPMENT AND PIPING,624755.5948104053,20,3.3,4.765,hazardous_liquid
20160244,2016,YES,NATURAL FORCE DAMAGE,30.0142962,-91.1162737,LA,1000000,,CARBON STEEL,2015,ONSHORE PUMP/METER STATION EQUIPMENT AND PIPING,853008.1834188139,0,0.0,0.0,hazardous_liquid
20150348,2015,YES,EQUIPMENT FAILURE,34.5401306,-97.5401306,OK,167700,,MATERIAL OTHER THAN CARBON STEEL,UNKNOWN,ONSHORE PUMP/METER STATION EQUIPMENT AND PIPING,72009.68137425833,1915,5.7,5.30116501305483,hazardous_liquid
20140020,2013,NO,EQUIPMENT FAILURE,29.787397,-94.40137,TX,478,,,,ONSHORE PUMP/METER STATION EQUIPMENT AND PIPING,658069.8953343913,20,3.3,4.765,hazardous_liquid
20170296,2017,NO,CORROSION FAILURE,34.886944,-106.228056,NM,26045,,MATERIAL OTHER THAN CARBON STEEL,1994,"ONSHORE PIPELINE, INCLUDING VALVE SITES",18692.704455936935,0,0.0,0.0,hazardous_liquid
20170163,2017,YES,EXCAVATION DAMAGE,33.72743,-101.87496,TX,124500,16.0,CARBON STEEL,1944,"ONSHORE PIPELINE, INCLUDING VALVE SITES",311814.86012088414,72,4.3,4.587083333333333,hazardous_liquid
20230078,2023,YES,EQUIPMENT FAILURE,29.894044,-94.230224,TX,125000,8.0,CARBON STEEL,UNKNOWN,"ONSHORE PIPELINE, INCLUDING VALVE SITES",657415.4746893775,20,3.3,4.765,hazardous_liquid
20220194,2022,NO,EQUIPMENT FAILURE,42.94443,-106.44152,WY,12600,,MATERIAL OTHER THAN CARBON STEEL,2020,ONSHORE PUMP/METER STATION EQUIPMENT AND PIPING,93422.5655505219,14,4.0,9.912857142857144,hazardous_liquid
20200053,2020,YES,EQUIPMENT FAILURE,34.064265,-117.363222,CA,100313,,CARBON STEEL,1960,ONSHORE TERMINAL/TANK FARM EQUIPMENT AND PIPING,2575.8288136862925,314,4.8,9.119977707006369,hazardous_liquid
20100240,2010,YES,EQUIPMENT FAILURE,33.41305,-102.44337,TX,64130,,MATERIAL OTHER THAN CARBON STEEL,2008,"ONSHORE BREAKOUT TANK OR STORAGE VESSEL, INCLUDING ATTACHED APPURTENANCES",270523.1353891155,23,3.3,4.622173913043478,hazardous_liquid
20110046,2011,NO,EQUIPMENT FAILURE,41.55455,-87.88425,IL,5520,,,,ONSHORE PUMP/METER STATION EQUIPMENT AND PIPING,1185781.964148059,3,3.2,14.783333333333333,hazardous_liquid
20120076,2012,NO,CORROSION FAILURE,44.759651,-93.035311,MN,3273,,,,ONSHORE PUMP/METER STATION EQUIPMENT AND PIPING,1026615.6701409625,17,4.6,4.616470588235295,hazardous_liquid
20150437,2015,NO,MATERIAL FAILURE OF PIPE OR WELD,41.34767937,-110.82014826,WY,27580,6.0,CARBON STEEL,1980,"ONSHORE PIPELINE, INCLUDING VALVE SITES",6828.784770407713,42,3.51,6.634285714285714,hazardous_liquid
20140070,2014,NO,EQUIPMENT FAILURE,41.626855,-87.443384,IN,19026,,,,ONSHORE TERMINAL/TANK FARM EQUIPMENT AND PIPING,1220260.1492078707,3,3.2,14.783333333333333,hazardous_liquid
20150115,2015,YES,CORROSION FAILURE,40.652383,-82.131645,OH,683901,,CARBON STEEL,1954,"BELOWGROUND STORAGE, INCLUDING ASSOCIATED EQUIPMENT AND PIPING",1567596.4068433624,228,4.4,5.585815789473684,gas
20100176,2010,NO,EQUIPMENT FAILURE,29.630232,-95.058734,TX,1294,,MATERIAL OTHER THAN CARBON STEEL,,"ONSHORE PIPELINE, INCLUDING VALVE SITES",641072.2073338669,20,3.3,4.765,hazardous_liquid
20140220,2014,NO,EQUIPMENT FAILURE,32.960694,-102.617915,TX,4050,,,,ONSHORE TERMINAL/TANK FARM EQUIPMENT AND PIPING,244567.4488122464,22,3.1,5.085909090909091,hazardous_liquid
20240095,2024,YES,EQUIPMENT FAILURE,37.889839,-83.861828,KY,1200215,,CARBON STEEL,1968,ONSHORE COMPRESSOR STATION EQUIPMENT AND PIPING,1341949.234523764,106,4.4,5.922216981132076,gas
20150299,2015,YES,INCORRECT OPERATION,37.057847,-98.965883,KS,3350,,MATERIAL OTHER THAN CARBON STEEL,2015,"ONSHORE PIPELINE, INCLUDING VALVE SITES",119370.42657464622,33,4.0,4.0224242424242425,hazardous_liquid
20210054,2021,YES,CORROSION FAILURE,35.0764469,-119.3883459,CA,233400,8.625,CARBON STEEL,1972,"ONSHORE PIPELINE, INCLUDING VALVE SITES",10506.43599225416,302,4.54,10.610877483443709,hazardous_liquid
20180139,2018,YES,INCORRECT OPERATION,29.59964622,-95.19416813,TX,1100,,CARBON STEEL,2012,"ONSHORE PIPELINE, INCLUDING VALVE SITES",638129.0958920413,1,2.9,3.12,hazardous_liquid
20130055,2013,NO,INCORRECT OPERATION,38.205021,-85.84991,KY,2440,,,,ONSHORE TERMINAL/TANK FARM EQUIPMENT AND PIPING,1179846.9716389487,1915,5.7,5.30116501305483,hazardous_liquid
20190042,2019,YES,NATURAL FORCE DAMAGE,42.348676,-94.040829,IA,252600,,CARBON STEEL,1956,"ONSHORE PIPELINE, INCLUDING VALVE SITES",773065.1918281021,0,0.0,0.0,gas
20150156,2015,NO,EQUIPMENT FAILURE,36.774347,-97.756557,OK,1690,,MATERIAL OTHER THAN CARBON STEEL,2013,ONSHORE PUMP/METER STATION EQUIPMENT AND PIPING,229143.27150705003,2068,5.0,5.341645067698259,hazardous_liquid
20200223,2020,NO,EQUIPMENT FAILURE,40.511987,-74.292833,NJ,9379,,CARBON STEEL,UNKNOWN,ONSHORE TERMINAL/TANK FARM EQUIPMENT AND PIPING,2206861.497296957,78,3.9,8.06423076923077,hazardous_liquid
20120144,2012,NO,INCORRECT OPERATION,33.80197,-118.23844,CA,15000,,,,ONSHORE PUMP/METER STATION EQUIPMENT AND PIPING,8193.508977466465,314,4.8,9.119977707006369,hazardous_liquid
20200089,2020,YES,EQUIPMENT FAILURE,32.98902554,-89.5509368,MS,123183,,CARBON STEEL,1969,"ONSHORE PIPELINE, INCLUDING VALVE SITES",831375.7043810873,65,3.6,5.786723076923077,gas
20210336,2021,NO,CORROSION FAILURE,32.005472,-102.04086,TX,9050,,CARBON STEEL,UNKNOWN,ONSHORE PUMP/METER STATION EQUIPMENT AND PIPING,271482.0537643417,124,4.8,5.362785483870968,hazardous_liquid
20180126,2018,NO,EQUIPMENT FAILURE,29.7187,-95.1638,TX,15117,,CARBON STEEL,UNKNOWN,"ONSHORE BREAKOUT TANK OR STORAGE VESSEL, INCLUDING ATTACHED APPURTENANCES",627684.161719766,20,3.3,4.765,hazardous_liquid
20140048,2014,YES,INCORRECT OPERATION,33.800211,-118.255721,CA,66092,,MATERIAL OTHER THAN CARBON STEEL,1966,ONSHORE TERMINAL/TANK FARM EQUIPMENT AND PIPING,9048.960350406536,314,4.8,9.119977707006369,hazardous_liquid
20240001,2023,NO,EQUIPMENT FAILURE,34.41109,-100.282644,TX,3800,,CARBON STEEL,UNKNOWN,ONSHORE EQUIPMENT AND PIPING ASSOCIATED WITH BELOWGROUND STORAGE,146652.68450611463,3,2.8,5.583333333333333,hazardous_liquid
20140022,2014,YES,CORROSION FAILURE,35.5291888,-119.807777,CA,223357,16.0,CARBON STEEL,1988,ONSHORE PUMP/METER STATION EQUIPMENT AND PIPING,17913.79924128015,104,4.29,11.698759615384615,hazardous_liquid
20150409,2015,NO,OTHER ACCIDENT CAUSE,28.951204,-95.433627,TX,16200,,CARBON STEEL,1975,"ONSHORE BREAKOUT TANK OR STORAGE VESSEL, INCLUDING ATTACHED APPURTENANCES",694047.1094353087,1,2.9,3.12,hazardous_liquid
20160073,2016,YES,INCORRECT OPERATION,42.809207,-82.864825,MI,56218,,CARBON STEEL,1995,ONSHORE COMPRESSOR STATION EQUIPMENT AND PIPING,1610407.8040285595,0,0.0,0.0,gas
20210283,2021,NO,CORROSION FAILURE,31.89607421,-102.5656095,TX,15120,18.0,CARBON STEEL,UNKNOWN,ONSHORE TERMINAL/TANK FARM EQUIPMENT AND PIPING,209739.29342135592,289,3.9,5.003940138408304,hazardous_liquid
20140176,2014,NO,NATURAL FORCE DAMAGE,42.870358,-76.93538,NY,24250,,MATERIAL OTHER THAN CARBON STEEL,,ONSHORE TERMINAL/TANK FARM EQUIPMENT AND PIPING,2056935.9425687443,1915,5.7,5.30116501305483,hazardous_liquid
20220052,2022,NO,INCORRECT OPERATION,30.39379287,-88.1848365,AL,27157,,CARBON STEEL,2022,ONSHORE COMPRESSOR STATION EQUIPMENT AND PIPING,1062956.6455255793,0,0.0,0.0,gas
20140302,2014,NO,EQUIPMENT FAILURE,40.831354,-111.91978,UT,19150,,,,ONSHORE PUMP/METER STATION EQUIPMENT AND PIPING,1572.7062051063174,42,3.51,6.634285714285714,hazardous_liquid
20220163,2022,YES,INCORRECT OPERATION,29.721793,-95.202653,TX,72000,,CARBON STEEL,2022,ONSHORE TERMINAL/TANK FARM EQUIPMENT AND PIPING,625666.2405912982,20,3.3,4.765,hazardous_liquid
20120372,2012,YES,CORROSION FAILURE,35.019374,-119.063134,CA,147000,,CARBON STEEL,1983,ONSHORE PUMP/METER STATION EQUIPMENT AND PIPING,2374.3401129411363,302,4.54,10.610877483443709,hazardous_liquid
20140378,2014,YES,EQUIPMENT FAILURE,34.5530703,-97.403032,OK,10000,,MATERIAL OTHER THAN CARBON STEEL,2005,"ONSHORE BREAKOUT TANK OR STORAGE VESSEL, INCLUDING ATTACHED APPURTENANCES",83863.18970393437,1915,5.7,5.30116501305483,hazardous_liquid
20210350,2021,YES,CORROSION FAILURE,70.25722,-148.4358,AK,210100,12.0,CARBON STEEL,2008,"ONSHORE PIPELINE, INCLUDING VALVE SITES",87782.44897356855,0,0.0,0.0,hazardous_liquid
20140329,2014,NO,EQUIPMENT FAILURE,30.30467,-92.82545,LA,30000,,,,ONSHORE PUMP/METER STATION EQUIPMENT AND PIPING,709296.1834683905,4,4.2,5.4375,hazardous_liquid
20110217,2011,YES,EQUIPMENT FAILURE,30.77929,-96.06167,TX,4468256,,CARBON STEEL,1921,"ONSHORE PIPELINE, INCLUDING VALVE SITES",484027.9399416086,46,4.3,4.765,hazardous_liquid
20120135,2012,NO,INCORRECT OPERATION,33.03138,-102.82777,TX,2912,,CARBON STEEL,,ONSHORE PUMP/METER STATION EQUIPMENT AND PIPING,231962.7931282634,22,3.1,5.085909090909091,hazardous_liquid
20130407,2013,NO,EQUIPMENT FAILURE,32.650565,-103.14003,NM,7300,,,,ONSHORE PUMP/METER STATION EQUIPMENT AND PIPING,185143.93122719708,22,3.1,5.085909090909091,hazardous_liquid
20170168,2017,YES,CORROSION FAILURE,31.03428,-89.44975,MS,68250,10.0,CARBON STEEL,UNKNOWN,ONSHORE TERMINAL/TANK FARM EQUIPMENT AND PIPING,922559.9894650134,1915,5.7,5.30116501305483,hazardous_liquid
20160064,2016,YES,OTHER OUTSIDE FORCE DAMAGE,27.46773,-98.05015,TX,13842000,,CARBON STEEL,1964,"ONSHORE PIPELINE, INCLUDING VALVE SITES",537989.1871365352,0,0.0,0.0,gas
20210154,2021,NO,EQUIPMENT FAILURE,42.812771,-83.387771,MI,21129,,CARBON STEEL,2014,ONSHORE PUMP/METER STATION EQUIPMENT AND PIPING,1573312.0722918038,3,3.2,14.783333333333333,hazardous_liquid
20200263,2020,YES,MATERIAL FAILURE OF PIPE OR WELD,29.729889,-95.201295,TX,280010,36.0,CARBON STEEL,1954,ONSHORE TERMINAL/TANK FARM EQUIPMENT AND PIPING,624926.1994351128,20,3.3,4.765,hazardous_liquid
20110253,2011,YES,EQUIPMENT FAILURE,30.042343,-96.914558,TX,158100,,MATERIAL OTHER THAN CARBON STEEL,,"ONSHORE PIPELINE, INCLUDING VALVE SITES",534160.0682386232,21,3.3,4.776190476190476,hazardous_liquid
20150097,2015,YES,EQUIPMENT FAILURE,32.08076,-103.17807,NM,130500,,CARBON STEEL,1947,ONSHORE TERMINAL/TANK FARM EQUIPMENT AND PIPING,160830.0349262938,289,3.9,5.003940138408304,hazardous_liquid
